[2026-09-18T06:41:23.374+0000] {processor.py:161} INFO - Started process (PID=2121) to work on /opt/airflow/dags/dag_qttg_bronze_silver_gold.py
[2026-09-18T06:41:23.377+0000] {processor.py:830} INFO - Processing file /opt/airflow/dags/dag_qttg_bronze_silver_gold.py for tasks to queue
[2026-09-18T06:41:23.380+0000] {logging_mixin.py:188} INFO - [2026-09-18T06:41:23.380+0000] {dagbag.py:538} INFO - Filling up the DagBag from /opt/airflow/dags/dag_qttg_bronze_silver_gold.py
[2026-09-18T06:41:23.457+0000] {processor.py:840} INFO - DAG(s) 'qttg_bronze_silver_gold' retrieved from /opt/airflow/dags/dag_qttg_bronze_silver_gold.py
[2026-09-18T06:41:23.491+0000] {logging_mixin.py:188} INFO - [2026-09-18T06:41:23.491+0000] {dag.py:3036} INFO - Sync 1 DAGs
[2026-09-18T06:41:23.507+0000] {logging_mixin.py:188} INFO - [2026-09-18T06:41:23.507+0000] {dag.py:3823} INFO - Setting next_dagrun for qttg_bronze_silver_gold to None, run_after=None
[2026-09-18T06:41:23.541+0000] {processor.py:183} INFO - Processing /opt/airflow/dags/dag_qttg_bronze_silver_gold.py took 0.171 seconds
[2026-09-18T06:41:53.702+0000] {processor.py:161} INFO - Started process (PID=2126) to work on /opt/airflow/dags/dag_qttg_bronze_silver_gold.py
[2026-09-18T06:41:53.705+0000] {processor.py:830} INFO - Processing file /opt/airflow/dags/dag_qttg_bronze_silver_gold.py for tasks to queue
[2026-09-18T06:41:53.711+0000] {logging_mixin.py:188} INFO - [2026-09-18T06:41:53.710+0000] {dagbag.py:538} INFO - Filling up the DagBag from /opt/airflow/dags/dag_qttg_bronze_silver_gold.py
[2026-09-18T06:41:53.808+0000] {processor.py:840} INFO - DAG(s) 'qttg_bronze_silver_gold' retrieved from /opt/airflow/dags/dag_qttg_bronze_silver_gold.py
[2026-09-18T06:41:53.858+0000] {logging_mixin.py:188} INFO - [2026-09-18T06:41:53.858+0000] {dag.py:3036} INFO - Sync 1 DAGs
[2026-09-18T06:41:53.890+0000] {logging_mixin.py:188} INFO - [2026-09-18T06:41:53.889+0000] {dag.py:3823} INFO - Setting next_dagrun for qttg_bronze_silver_gold to None, run_after=None
[2026-09-18T06:41:53.933+0000] {processor.py:183} INFO - Processing /opt/airflow/dags/dag_qttg_bronze_silver_gold.py took 0.235 seconds
[2026-09-18T06:42:24.183+0000] {processor.py:161} INFO - Started process (PID=2131) to work on /opt/airflow/dags/dag_qttg_bronze_silver_gold.py
[2026-09-18T06:42:24.188+0000] {processor.py:830} INFO - Processing file /opt/airflow/dags/dag_qttg_bronze_silver_gold.py for tasks to queue
[2026-09-18T06:42:24.192+0000] {logging_mixin.py:188} INFO - [2026-09-18T06:42:24.191+0000] {dagbag.py:538} INFO - Filling up the DagBag from /opt/airflow/dags/dag_qttg_bronze_silver_gold.py
[2026-09-18T06:42:24.257+0000] {processor.py:840} INFO - DAG(s) 'qttg_bronze_silver_gold' retrieved from /opt/airflow/dags/dag_qttg_bronze_silver_gold.py
[2026-09-18T06:42:24.313+0000] {logging_mixin.py:188} INFO - [2026-09-18T06:42:24.313+0000] {dag.py:3036} INFO - Sync 1 DAGs
[2026-09-18T06:42:24.332+0000] {logging_mixin.py:188} INFO - [2026-09-18T06:42:24.331+0000] {dag.py:3823} INFO - Setting next_dagrun for qttg_bronze_silver_gold to None, run_after=None
[2026-09-18T06:42:24.370+0000] {processor.py:183} INFO - Processing /opt/airflow/dags/dag_qttg_bronze_silver_gold.py took 0.195 seconds
[2026-09-18T06:42:54.495+0000] {processor.py:161} INFO - Started process (PID=2136) to work on /opt/airflow/dags/dag_qttg_bronze_silver_gold.py
[2026-09-18T06:42:54.497+0000] {processor.py:830} INFO - Processing file /opt/airflow/dags/dag_qttg_bronze_silver_gold.py for tasks to queue
[2026-09-18T06:42:54.504+0000] {logging_mixin.py:188} INFO - [2026-09-18T06:42:54.504+0000] {dagbag.py:538} INFO - Filling up the DagBag from /opt/airflow/dags/dag_qttg_bronze_silver_gold.py
[2026-09-18T06:42:54.547+0000] {processor.py:840} INFO - DAG(s) 'qttg_bronze_silver_gold' retrieved from /opt/airflow/dags/dag_qttg_bronze_silver_gold.py
[2026-09-18T06:42:54.582+0000] {logging_mixin.py:188} INFO - [2026-09-18T06:42:54.581+0000] {dag.py:3036} INFO - Sync 1 DAGs
[2026-09-18T06:43:24.949+0000] {processor.py:161} INFO - Started process (PID=2141) to work on /opt/airflow/dags/dag_qttg_bronze_silver_gold.py
[2026-09-18T06:43:24.951+0000] {processor.py:830} INFO - Processing file /opt/airflow/dags/dag_qttg_bronze_silver_gold.py for tasks to queue
[2026-09-18T06:43:24.953+0000] {logging_mixin.py:188} INFO - [2026-09-18T06:43:24.953+0000] {dagbag.py:538} INFO - Filling up the DagBag from /opt/airflow/dags/dag_qttg_bronze_silver_gold.py
[2026-09-18T06:43:24.978+0000] {processor.py:840} INFO - DAG(s) 'qttg_bronze_silver_gold' retrieved from /opt/airflow/dags/dag_qttg_bronze_silver_gold.py
[2026-09-18T06:43:25.015+0000] {logging_mixin.py:188} INFO - [2026-09-18T06:43:25.014+0000] {dag.py:3036} INFO - Sync 1 DAGs
[2026-09-18T06:43:25.035+0000] {logging_mixin.py:188} INFO - [2026-09-18T06:43:25.035+0000] {dag.py:3823} INFO - Setting next_dagrun for qttg_bronze_silver_gold to None, run_after=None
[2026-09-18T06:43:25.071+0000] {processor.py:183} INFO - Processing /opt/airflow/dags/dag_qttg_bronze_silver_gold.py took 0.125 seconds
[2026-09-18T06:43:55.150+0000] {processor.py:161} INFO - Started process (PID=2146) to work on /opt/airflow/dags/dag_qttg_bronze_silver_gold.py
[2026-09-18T06:43:55.151+0000] {processor.py:830} INFO - Processing file /opt/airflow/dags/dag_qttg_bronze_silver_gold.py for tasks to queue
[2026-09-18T06:43:55.153+0000] {logging_mixin.py:188} INFO - [2026-09-18T06:43:55.153+0000] {dagbag.py:538} INFO - Filling up the DagBag from /opt/airflow/dags/dag_qttg_bronze_silver_gold.py
[2026-09-18T06:43:55.184+0000] {processor.py:840} INFO - DAG(s) 'qttg_bronze_silver_gold' retrieved from /opt/airflow/dags/dag_qttg_bronze_silver_gold.py
[2026-09-18T06:43:55.217+0000] {logging_mixin.py:188} INFO - [2026-09-18T06:43:55.216+0000] {dag.py:3036} INFO - Sync 1 DAGs
[2026-09-18T06:43:55.228+0000] {logging_mixin.py:188} INFO - [2026-09-18T06:43:55.228+0000] {dag.py:3823} INFO - Setting next_dagrun for qttg_bronze_silver_gold to None, run_after=None
[2026-09-18T06:43:55.251+0000] {processor.py:183} INFO - Processing /opt/airflow/dags/dag_qttg_bronze_silver_gold.py took 0.105 seconds
[2026-09-18T06:44:25.351+0000] {processor.py:161} INFO - Started process (PID=2151) to work on /opt/airflow/dags/dag_qttg_bronze_silver_gold.py
[2026-09-18T06:44:25.353+0000] {processor.py:830} INFO - Processing file /opt/airflow/dags/dag_qttg_bronze_silver_gold.py for tasks to queue
[2026-09-18T06:44:25.355+0000] {logging_mixin.py:188} INFO - [2026-09-18T06:44:25.354+0000] {dagbag.py:538} INFO - Filling up the DagBag from /opt/airflow/dags/dag_qttg_bronze_silver_gold.py
[2026-09-18T06:44:25.382+0000] {processor.py:840} INFO - DAG(s) 'qttg_bronze_silver_gold' retrieved from /opt/airflow/dags/dag_qttg_bronze_silver_gold.py
[2026-09-18T06:44:25.414+0000] {logging_mixin.py:188} INFO - [2026-09-18T06:44:25.413+0000] {dag.py:3036} INFO - Sync 1 DAGs
[2026-09-18T06:44:25.426+0000] {logging_mixin.py:188} INFO - [2026-09-18T06:44:25.426+0000] {dag.py:3823} INFO - Setting next_dagrun for qttg_bronze_silver_gold to None, run_after=None
[2026-09-18T06:44:25.452+0000] {processor.py:183} INFO - Processing /opt/airflow/dags/dag_qttg_bronze_silver_gold.py took 0.110 seconds
[2026-09-18T06:44:55.649+0000] {processor.py:161} INFO - Started process (PID=2156) to work on /opt/airflow/dags/dag_qttg_bronze_silver_gold.py
[2026-09-18T06:44:55.651+0000] {processor.py:830} INFO - Processing file /opt/airflow/dags/dag_qttg_bronze_silver_gold.py for tasks to queue
[2026-09-18T06:44:55.653+0000] {logging_mixin.py:188} INFO - [2026-09-18T06:44:55.653+0000] {dagbag.py:538} INFO - Filling up the DagBag from /opt/airflow/dags/dag_qttg_bronze_silver_gold.py
[2026-09-18T06:44:55.689+0000] {processor.py:840} INFO - DAG(s) 'qttg_bronze_silver_gold' retrieved from /opt/airflow/dags/dag_qttg_bronze_silver_gold.py
[2026-09-18T06:44:55.721+0000] {logging_mixin.py:188} INFO - [2026-09-18T06:44:55.721+0000] {dag.py:3036} INFO - Sync 1 DAGs
[2026-09-18T06:44:55.736+0000] {logging_mixin.py:188} INFO - [2026-09-18T06:44:55.736+0000] {dag.py:3823} INFO - Setting next_dagrun for qttg_bronze_silver_gold to None, run_after=None
[2026-09-18T06:44:55.766+0000] {processor.py:183} INFO - Processing /opt/airflow/dags/dag_qttg_bronze_silver_gold.py took 0.121 seconds
[2026-09-18T06:45:25.920+0000] {processor.py:161} INFO - Started process (PID=2161) to work on /opt/airflow/dags/dag_qttg_bronze_silver_gold.py
[2026-09-18T06:45:25.924+0000] {processor.py:830} INFO - Processing file /opt/airflow/dags/dag_qttg_bronze_silver_gold.py for tasks to queue
[2026-09-18T06:45:25.927+0000] {logging_mixin.py:188} INFO - [2026-09-18T06:45:25.926+0000] {dagbag.py:538} INFO - Filling up the DagBag from /opt/airflow/dags/dag_qttg_bronze_silver_gold.py
[2026-09-18T06:45:25.964+0000] {processor.py:840} INFO - DAG(s) 'qttg_bronze_silver_gold' retrieved from /opt/airflow/dags/dag_qttg_bronze_silver_gold.py
[2026-09-18T06:45:26.013+0000] {logging_mixin.py:188} INFO - [2026-09-18T06:45:26.012+0000] {dag.py:3036} INFO - Sync 1 DAGs
[2026-09-18T06:45:26.029+0000] {logging_mixin.py:188} INFO - [2026-09-18T06:45:26.029+0000] {dag.py:3823} INFO - Setting next_dagrun for qttg_bronze_silver_gold to None, run_after=None
[2026-09-18T06:45:26.061+0000] {processor.py:183} INFO - Processing /opt/airflow/dags/dag_qttg_bronze_silver_gold.py took 0.144 seconds
[2026-09-18T06:45:56.262+0000] {processor.py:161} INFO - Started process (PID=2166) to work on /opt/airflow/dags/dag_qttg_bronze_silver_gold.py
[2026-09-18T06:45:56.265+0000] {processor.py:830} INFO - Processing file /opt/airflow/dags/dag_qttg_bronze_silver_gold.py for tasks to queue
[2026-09-18T06:45:56.267+0000] {logging_mixin.py:188} INFO - [2026-09-18T06:45:56.267+0000] {dagbag.py:538} INFO - Filling up the DagBag from /opt/airflow/dags/dag_qttg_bronze_silver_gold.py
[2026-09-18T06:45:56.307+0000] {processor.py:840} INFO - DAG(s) 'qttg_bronze_silver_gold' retrieved from /opt/airflow/dags/dag_qttg_bronze_silver_gold.py
[2026-09-18T06:45:56.345+0000] {logging_mixin.py:188} INFO - [2026-09-18T06:45:56.345+0000] {dag.py:3036} INFO - Sync 1 DAGs
[2026-09-18T06:45:56.361+0000] {logging_mixin.py:188} INFO - [2026-09-18T06:45:56.361+0000] {dag.py:3823} INFO - Setting next_dagrun for qttg_bronze_silver_gold to None, run_after=None
[2026-09-18T06:45:56.392+0000] {processor.py:183} INFO - Processing /opt/airflow/dags/dag_qttg_bronze_silver_gold.py took 0.134 seconds
[2026-09-18T06:46:26.650+0000] {processor.py:161} INFO - Started process (PID=2171) to work on /opt/airflow/dags/dag_qttg_bronze_silver_gold.py
[2026-09-18T06:46:26.651+0000] {processor.py:830} INFO - Processing file /opt/airflow/dags/dag_qttg_bronze_silver_gold.py for tasks to queue
[2026-09-18T06:46:26.653+0000] {logging_mixin.py:188} INFO - [2026-09-18T06:46:26.653+0000] {dagbag.py:538} INFO - Filling up the DagBag from /opt/airflow/dags/dag_qttg_bronze_silver_gold.py
[2026-09-18T06:46:26.685+0000] {processor.py:840} INFO - DAG(s) 'qttg_bronze_silver_gold' retrieved from /opt/airflow/dags/dag_qttg_bronze_silver_gold.py
[2026-09-18T06:46:26.717+0000] {logging_mixin.py:188} INFO - [2026-09-18T06:46:26.716+0000] {dag.py:3036} INFO - Sync 1 DAGs
[2026-09-18T06:46:26.733+0000] {logging_mixin.py:188} INFO - [2026-09-18T06:46:26.733+0000] {dag.py:3823} INFO - Setting next_dagrun for qttg_bronze_silver_gold to None, run_after=None
[2026-09-18T06:46:26.766+0000] {processor.py:183} INFO - Processing /opt/airflow/dags/dag_qttg_bronze_silver_gold.py took 0.120 seconds
[2026-09-18T06:46:56.851+0000] {processor.py:161} INFO - Started process (PID=2176) to work on /opt/airflow/dags/dag_qttg_bronze_silver_gold.py
[2026-09-18T06:46:56.854+0000] {processor.py:830} INFO - Processing file /opt/airflow/dags/dag_qttg_bronze_silver_gold.py for tasks to queue
[2026-09-18T06:46:56.860+0000] {logging_mixin.py:188} INFO - [2026-09-18T06:46:56.860+0000] {dagbag.py:538} INFO - Filling up the DagBag from /opt/airflow/dags/dag_qttg_bronze_silver_gold.py
[2026-09-18T06:46:56.888+0000] {processor.py:840} INFO - DAG(s) 'qttg_bronze_silver_gold' retrieved from /opt/airflow/dags/dag_qttg_bronze_silver_gold.py
[2026-09-18T06:46:56.921+0000] {logging_mixin.py:188} INFO - [2026-09-18T06:46:56.921+0000] {dag.py:3036} INFO - Sync 1 DAGs
[2026-09-18T06:46:56.934+0000] {logging_mixin.py:188} INFO - [2026-09-18T06:46:56.934+0000] {dag.py:3823} INFO - Setting next_dagrun for qttg_bronze_silver_gold to None, run_after=None
[2026-09-18T06:46:56.958+0000] {processor.py:183} INFO - Processing /opt/airflow/dags/dag_qttg_bronze_silver_gold.py took 0.110 seconds
[2026-09-18T06:47:27.116+0000] {processor.py:161} INFO - Started process (PID=2181) to work on /opt/airflow/dags/dag_qttg_bronze_silver_gold.py
[2026-09-18T06:47:27.119+0000] {processor.py:830} INFO - Processing file /opt/airflow/dags/dag_qttg_bronze_silver_gold.py for tasks to queue
[2026-09-18T06:47:27.121+0000] {logging_mixin.py:188} INFO - [2026-09-18T06:47:27.121+0000] {dagbag.py:538} INFO - Filling up the DagBag from /opt/airflow/dags/dag_qttg_bronze_silver_gold.py
[2026-09-18T06:47:27.159+0000] {processor.py:840} INFO - DAG(s) 'qttg_bronze_silver_gold' retrieved from /opt/airflow/dags/dag_qttg_bronze_silver_gold.py
[2026-09-18T06:47:27.197+0000] {logging_mixin.py:188} INFO - [2026-09-18T06:47:27.197+0000] {dag.py:3036} INFO - Sync 1 DAGs
[2026-09-18T06:47:27.211+0000] {logging_mixin.py:188} INFO - [2026-09-18T06:47:27.211+0000] {dag.py:3823} INFO - Setting next_dagrun for qttg_bronze_silver_gold to None, run_after=None
[2026-09-18T06:47:27.238+0000] {processor.py:183} INFO - Processing /opt/airflow/dags/dag_qttg_bronze_silver_gold.py took 0.126 seconds
[2026-09-18T06:47:57.694+0000] {processor.py:161} INFO - Started process (PID=2186) to work on /opt/airflow/dags/dag_qttg_bronze_silver_gold.py
[2026-09-18T06:47:57.698+0000] {processor.py:830} INFO - Processing file /opt/airflow/dags/dag_qttg_bronze_silver_gold.py for tasks to queue
[2026-09-18T06:47:57.705+0000] {logging_mixin.py:188} INFO - [2026-09-18T06:47:57.704+0000] {dagbag.py:538} INFO - Filling up the DagBag from /opt/airflow/dags/dag_qttg_bronze_silver_gold.py
[2026-09-18T06:47:57.752+0000] {processor.py:840} INFO - DAG(s) 'qttg_bronze_silver_gold' retrieved from /opt/airflow/dags/dag_qttg_bronze_silver_gold.py
[2026-09-18T06:47:57.803+0000] {logging_mixin.py:188} INFO - [2026-09-18T06:47:57.802+0000] {dag.py:3036} INFO - Sync 1 DAGs
[2026-09-18T06:47:57.821+0000] {logging_mixin.py:188} INFO - [2026-09-18T06:47:57.821+0000] {dag.py:3823} INFO - Setting next_dagrun for qttg_bronze_silver_gold to None, run_after=None
[2026-09-18T06:47:57.863+0000] {processor.py:183} INFO - Processing /opt/airflow/dags/dag_qttg_bronze_silver_gold.py took 0.174 seconds
[2026-09-18T06:48:28.016+0000] {processor.py:161} INFO - Started process (PID=2191) to work on /opt/airflow/dags/dag_qttg_bronze_silver_gold.py
[2026-09-18T06:48:28.019+0000] {processor.py:830} INFO - Processing file /opt/airflow/dags/dag_qttg_bronze_silver_gold.py for tasks to queue
[2026-09-18T06:48:28.020+0000] {logging_mixin.py:188} INFO - [2026-09-18T06:48:28.020+0000] {dagbag.py:538} INFO - Filling up the DagBag from /opt/airflow/dags/dag_qttg_bronze_silver_gold.py
[2026-09-18T06:48:28.040+0000] {processor.py:840} INFO - DAG(s) 'qttg_bronze_silver_gold' retrieved from /opt/airflow/dags/dag_qttg_bronze_silver_gold.py
[2026-09-18T06:48:28.071+0000] {logging_mixin.py:188} INFO - [2026-09-18T06:48:28.071+0000] {dag.py:3036} INFO - Sync 1 DAGs
[2026-09-18T06:48:28.082+0000] {logging_mixin.py:188} INFO - [2026-09-18T06:48:28.082+0000] {dag.py:3823} INFO - Setting next_dagrun for qttg_bronze_silver_gold to None, run_after=None
[2026-09-18T06:48:28.109+0000] {processor.py:183} INFO - Processing /opt/airflow/dags/dag_qttg_bronze_silver_gold.py took 0.097 seconds
[2026-09-18T06:48:58.351+0000] {processor.py:161} INFO - Started process (PID=2196) to work on /opt/airflow/dags/dag_qttg_bronze_silver_gold.py
[2026-09-18T06:48:58.355+0000] {processor.py:830} INFO - Processing file /opt/airflow/dags/dag_qttg_bronze_silver_gold.py for tasks to queue
[2026-09-18T06:48:58.363+0000] {logging_mixin.py:188} INFO - [2026-09-18T06:48:58.362+0000] {dagbag.py:538} INFO - Filling up the DagBag from /opt/airflow/dags/dag_qttg_bronze_silver_gold.py
[2026-09-18T06:48:58.420+0000] {processor.py:840} INFO - DAG(s) 'qttg_bronze_silver_gold' retrieved from /opt/airflow/dags/dag_qttg_bronze_silver_gold.py
[2026-09-18T06:48:58.461+0000] {logging_mixin.py:188} INFO - [2026-09-18T06:48:58.460+0000] {dag.py:3036} INFO - Sync 1 DAGs
[2026-09-18T06:48:58.482+0000] {logging_mixin.py:188} INFO - [2026-09-18T06:48:58.481+0000] {dag.py:3823} INFO - Setting next_dagrun for qttg_bronze_silver_gold to None, run_after=None
[2026-09-18T06:48:58.520+0000] {processor.py:183} INFO - Processing /opt/airflow/dags/dag_qttg_bronze_silver_gold.py took 0.178 seconds
[2026-09-18T06:49:28.805+0000] {processor.py:161} INFO - Started process (PID=2201) to work on /opt/airflow/dags/dag_qttg_bronze_silver_gold.py
[2026-09-18T06:49:28.808+0000] {processor.py:830} INFO - Processing file /opt/airflow/dags/dag_qttg_bronze_silver_gold.py for tasks to queue
[2026-09-18T06:49:28.812+0000] {logging_mixin.py:188} INFO - [2026-09-18T06:49:28.811+0000] {dagbag.py:538} INFO - Filling up the DagBag from /opt/airflow/dags/dag_qttg_bronze_silver_gold.py
[2026-09-18T06:49:28.868+0000] {processor.py:840} INFO - DAG(s) 'qttg_bronze_silver_gold' retrieved from /opt/airflow/dags/dag_qttg_bronze_silver_gold.py
[2026-09-18T06:49:28.919+0000] {logging_mixin.py:188} INFO - [2026-09-18T06:49:28.919+0000] {dag.py:3036} INFO - Sync 1 DAGs
[2026-09-18T06:49:28.935+0000] {logging_mixin.py:188} INFO - [2026-09-18T06:49:28.935+0000] {dag.py:3823} INFO - Setting next_dagrun for qttg_bronze_silver_gold to None, run_after=None
[2026-09-18T06:49:28.962+0000] {processor.py:183} INFO - Processing /opt/airflow/dags/dag_qttg_bronze_silver_gold.py took 0.161 seconds
[2026-09-18T06:49:59.202+0000] {processor.py:161} INFO - Started process (PID=2206) to work on /opt/airflow/dags/dag_qttg_bronze_silver_gold.py
[2026-09-18T06:49:59.207+0000] {processor.py:830} INFO - Processing file /opt/airflow/dags/dag_qttg_bronze_silver_gold.py for tasks to queue
[2026-09-18T06:49:59.210+0000] {logging_mixin.py:188} INFO - [2026-09-18T06:49:59.209+0000] {dagbag.py:538} INFO - Filling up the DagBag from /opt/airflow/dags/dag_qttg_bronze_silver_gold.py
[2026-09-18T06:49:59.259+0000] {processor.py:840} INFO - DAG(s) 'qttg_bronze_silver_gold' retrieved from /opt/airflow/dags/dag_qttg_bronze_silver_gold.py
[2026-09-18T06:49:59.307+0000] {logging_mixin.py:188} INFO - [2026-09-18T06:49:59.307+0000] {dag.py:3036} INFO - Sync 1 DAGs
[2026-09-18T06:49:59.331+0000] {logging_mixin.py:188} INFO - [2026-09-18T06:49:59.330+0000] {dag.py:3823} INFO - Setting next_dagrun for qttg_bronze_silver_gold to None, run_after=None
[2026-09-18T06:49:59.371+0000] {processor.py:183} INFO - Processing /opt/airflow/dags/dag_qttg_bronze_silver_gold.py took 0.174 seconds
[2026-09-18T06:50:29.591+0000] {processor.py:161} INFO - Started process (PID=2211) to work on /opt/airflow/dags/dag_qttg_bronze_silver_gold.py
[2026-09-18T06:50:29.596+0000] {processor.py:830} INFO - Processing file /opt/airflow/dags/dag_qttg_bronze_silver_gold.py for tasks to queue
[2026-09-18T06:50:29.600+0000] {logging_mixin.py:188} INFO - [2026-09-18T06:50:29.599+0000] {dagbag.py:538} INFO - Filling up the DagBag from /opt/airflow/dags/dag_qttg_bronze_silver_gold.py
[2026-09-18T06:50:29.660+0000] {processor.py:840} INFO - DAG(s) 'qttg_bronze_silver_gold' retrieved from /opt/airflow/dags/dag_qttg_bronze_silver_gold.py
[2026-09-18T06:50:29.710+0000] {logging_mixin.py:188} INFO - [2026-09-18T06:50:29.710+0000] {dag.py:3036} INFO - Sync 1 DAGs
[2026-09-18T06:50:29.735+0000] {logging_mixin.py:188} INFO - [2026-09-18T06:50:29.734+0000] {dag.py:3823} INFO - Setting next_dagrun for qttg_bronze_silver_gold to None, run_after=None
[2026-09-18T06:50:29.775+0000] {processor.py:183} INFO - Processing /opt/airflow/dags/dag_qttg_bronze_silver_gold.py took 0.190 seconds
[2026-09-18T06:51:00.106+0000] {processor.py:161} INFO - Started process (PID=2216) to work on /opt/airflow/dags/dag_qttg_bronze_silver_gold.py
[2026-09-18T06:51:00.110+0000] {processor.py:830} INFO - Processing file /opt/airflow/dags/dag_qttg_bronze_silver_gold.py for tasks to queue
[2026-09-18T06:51:00.114+0000] {logging_mixin.py:188} INFO - [2026-09-18T06:51:00.113+0000] {dagbag.py:538} INFO - Filling up the DagBag from /opt/airflow/dags/dag_qttg_bronze_silver_gold.py
[2026-09-18T06:51:00.201+0000] {processor.py:840} INFO - DAG(s) 'qttg_bronze_silver_gold' retrieved from /opt/airflow/dags/dag_qttg_bronze_silver_gold.py
[2026-09-18T06:51:00.236+0000] {logging_mixin.py:188} INFO - [2026-09-18T06:51:00.236+0000] {dag.py:3036} INFO - Sync 1 DAGs
[2026-09-18T06:51:00.251+0000] {logging_mixin.py:188} INFO - [2026-09-18T06:51:00.251+0000] {dag.py:3823} INFO - Setting next_dagrun for qttg_bronze_silver_gold to None, run_after=None
[2026-09-18T06:51:00.280+0000] {processor.py:183} INFO - Processing /opt/airflow/dags/dag_qttg_bronze_silver_gold.py took 0.183 seconds
[2026-09-18T06:51:30.608+0000] {processor.py:161} INFO - Started process (PID=2221) to work on /opt/airflow/dags/dag_qttg_bronze_silver_gold.py
[2026-09-18T06:51:30.610+0000] {processor.py:830} INFO - Processing file /opt/airflow/dags/dag_qttg_bronze_silver_gold.py for tasks to queue
[2026-09-18T06:51:30.614+0000] {logging_mixin.py:188} INFO - [2026-09-18T06:51:30.614+0000] {dagbag.py:538} INFO - Filling up the DagBag from /opt/airflow/dags/dag_qttg_bronze_silver_gold.py
[2026-09-18T06:51:30.657+0000] {processor.py:840} INFO - DAG(s) 'qttg_bronze_silver_gold' retrieved from /opt/airflow/dags/dag_qttg_bronze_silver_gold.py
[2026-09-18T06:51:30.700+0000] {logging_mixin.py:188} INFO - [2026-09-18T06:51:30.699+0000] {dag.py:3036} INFO - Sync 1 DAGs
[2026-09-18T06:51:30.733+0000] {logging_mixin.py:188} INFO - [2026-09-18T06:51:30.732+0000] {dag.py:3823} INFO - Setting next_dagrun for qttg_bronze_silver_gold to None, run_after=None
[2026-09-18T06:51:30.765+0000] {processor.py:183} INFO - Processing /opt/airflow/dags/dag_qttg_bronze_silver_gold.py took 0.162 seconds
[2026-09-18T06:52:00.945+0000] {processor.py:161} INFO - Started process (PID=2226) to work on /opt/airflow/dags/dag_qttg_bronze_silver_gold.py
[2026-09-18T06:52:00.948+0000] {processor.py:830} INFO - Processing file /opt/airflow/dags/dag_qttg_bronze_silver_gold.py for tasks to queue
[2026-09-18T06:52:00.950+0000] {logging_mixin.py:188} INFO - [2026-09-18T06:52:00.950+0000] {dagbag.py:538} INFO - Filling up the DagBag from /opt/airflow/dags/dag_qttg_bronze_silver_gold.py
[2026-09-18T06:52:00.995+0000] {processor.py:840} INFO - DAG(s) 'qttg_bronze_silver_gold' retrieved from /opt/airflow/dags/dag_qttg_bronze_silver_gold.py
[2026-09-18T06:52:01.051+0000] {logging_mixin.py:188} INFO - [2026-09-18T06:52:01.051+0000] {dag.py:3036} INFO - Sync 1 DAGs
[2026-09-18T06:52:01.070+0000] {logging_mixin.py:188} INFO - [2026-09-18T06:52:01.069+0000] {dag.py:3823} INFO - Setting next_dagrun for qttg_bronze_silver_gold to None, run_after=None
[2026-09-18T06:52:01.097+0000] {processor.py:183} INFO - Processing /opt/airflow/dags/dag_qttg_bronze_silver_gold.py took 0.159 seconds
[2026-09-18T06:52:31.432+0000] {processor.py:161} INFO - Started process (PID=2231) to work on /opt/airflow/dags/dag_qttg_bronze_silver_gold.py
[2026-09-18T06:52:31.435+0000] {processor.py:830} INFO - Processing file /opt/airflow/dags/dag_qttg_bronze_silver_gold.py for tasks to queue
[2026-09-18T06:52:31.438+0000] {logging_mixin.py:188} INFO - [2026-09-18T06:52:31.438+0000] {dagbag.py:538} INFO - Filling up the DagBag from /opt/airflow/dags/dag_qttg_bronze_silver_gold.py
[2026-09-18T06:52:31.501+0000] {processor.py:840} INFO - DAG(s) 'qttg_bronze_silver_gold' retrieved from /opt/airflow/dags/dag_qttg_bronze_silver_gold.py
[2026-09-18T06:52:31.583+0000] {logging_mixin.py:188} INFO - [2026-09-18T06:52:31.582+0000] {dag.py:3036} INFO - Sync 1 DAGs
[2026-09-18T06:52:31.610+0000] {logging_mixin.py:188} INFO - [2026-09-18T06:52:31.609+0000] {dag.py:3823} INFO - Setting next_dagrun for qttg_bronze_silver_gold to None, run_after=None
[2026-09-18T06:52:31.637+0000] {processor.py:183} INFO - Processing /opt/airflow/dags/dag_qttg_bronze_silver_gold.py took 0.212 seconds
[2026-09-18T06:53:01.784+0000] {processor.py:161} INFO - Started process (PID=2236) to work on /opt/airflow/dags/dag_qttg_bronze_silver_gold.py
[2026-09-18T06:53:01.788+0000] {processor.py:830} INFO - Processing file /opt/airflow/dags/dag_qttg_bronze_silver_gold.py for tasks to queue
[2026-09-18T06:53:01.793+0000] {logging_mixin.py:188} INFO - [2026-09-18T06:53:01.793+0000] {dagbag.py:538} INFO - Filling up the DagBag from /opt/airflow/dags/dag_qttg_bronze_silver_gold.py
[2026-09-18T06:53:01.843+0000] {processor.py:840} INFO - DAG(s) 'qttg_bronze_silver_gold' retrieved from /opt/airflow/dags/dag_qttg_bronze_silver_gold.py
[2026-09-18T06:53:01.898+0000] {logging_mixin.py:188} INFO - [2026-09-18T06:53:01.897+0000] {dag.py:3036} INFO - Sync 1 DAGs
[2026-09-18T06:53:01.917+0000] {logging_mixin.py:188} INFO - [2026-09-18T06:53:01.917+0000] {dag.py:3823} INFO - Setting next_dagrun for qttg_bronze_silver_gold to None, run_after=None
[2026-09-18T06:53:01.947+0000] {processor.py:183} INFO - Processing /opt/airflow/dags/dag_qttg_bronze_silver_gold.py took 0.170 seconds
[2026-09-18T06:53:32.344+0000] {processor.py:161} INFO - Started process (PID=2241) to work on /opt/airflow/dags/dag_qttg_bronze_silver_gold.py
[2026-09-18T06:53:32.348+0000] {processor.py:830} INFO - Processing file /opt/airflow/dags/dag_qttg_bronze_silver_gold.py for tasks to queue
[2026-09-18T06:53:32.351+0000] {logging_mixin.py:188} INFO - [2026-09-18T06:53:32.351+0000] {dagbag.py:538} INFO - Filling up the DagBag from /opt/airflow/dags/dag_qttg_bronze_silver_gold.py
[2026-09-18T06:53:32.413+0000] {processor.py:840} INFO - DAG(s) 'qttg_bronze_silver_gold' retrieved from /opt/airflow/dags/dag_qttg_bronze_silver_gold.py
[2026-09-18T06:53:32.458+0000] {logging_mixin.py:188} INFO - [2026-09-18T06:53:32.458+0000] {dag.py:3036} INFO - Sync 1 DAGs
[2026-09-18T06:53:32.475+0000] {logging_mixin.py:188} INFO - [2026-09-18T06:53:32.475+0000] {dag.py:3823} INFO - Setting next_dagrun for qttg_bronze_silver_gold to None, run_after=None
[2026-09-18T06:53:32.509+0000] {processor.py:183} INFO - Processing /opt/airflow/dags/dag_qttg_bronze_silver_gold.py took 0.167 seconds
[2026-09-18T06:54:02.763+0000] {processor.py:161} INFO - Started process (PID=2246) to work on /opt/airflow/dags/dag_qttg_bronze_silver_gold.py
[2026-09-18T06:54:02.769+0000] {processor.py:830} INFO - Processing file /opt/airflow/dags/dag_qttg_bronze_silver_gold.py for tasks to queue
[2026-09-18T06:54:02.772+0000] {logging_mixin.py:188} INFO - [2026-09-18T06:54:02.772+0000] {dagbag.py:538} INFO - Filling up the DagBag from /opt/airflow/dags/dag_qttg_bronze_silver_gold.py
[2026-09-18T06:54:02.820+0000] {processor.py:840} INFO - DAG(s) 'qttg_bronze_silver_gold' retrieved from /opt/airflow/dags/dag_qttg_bronze_silver_gold.py
[2026-09-18T06:54:02.861+0000] {logging_mixin.py:188} INFO - [2026-09-18T06:54:02.861+0000] {dag.py:3036} INFO - Sync 1 DAGs
[2026-09-18T06:54:02.883+0000] {logging_mixin.py:188} INFO - [2026-09-18T06:54:02.883+0000] {dag.py:3823} INFO - Setting next_dagrun for qttg_bronze_silver_gold to None, run_after=None
[2026-09-18T06:54:02.920+0000] {processor.py:183} INFO - Processing /opt/airflow/dags/dag_qttg_bronze_silver_gold.py took 0.171 seconds
[2026-09-18T06:54:33.265+0000] {processor.py:161} INFO - Started process (PID=2251) to work on /opt/airflow/dags/dag_qttg_bronze_silver_gold.py
[2026-09-18T06:54:33.267+0000] {processor.py:830} INFO - Processing file /opt/airflow/dags/dag_qttg_bronze_silver_gold.py for tasks to queue
[2026-09-18T06:54:33.270+0000] {logging_mixin.py:188} INFO - [2026-09-18T06:54:33.269+0000] {dagbag.py:538} INFO - Filling up the DagBag from /opt/airflow/dags/dag_qttg_bronze_silver_gold.py
[2026-09-18T06:54:33.336+0000] {processor.py:840} INFO - DAG(s) 'qttg_bronze_silver_gold' retrieved from /opt/airflow/dags/dag_qttg_bronze_silver_gold.py
[2026-09-18T06:54:33.397+0000] {logging_mixin.py:188} INFO - [2026-09-18T06:54:33.397+0000] {dag.py:3036} INFO - Sync 1 DAGs
[2026-09-18T06:54:33.416+0000] {logging_mixin.py:188} INFO - [2026-09-18T06:54:33.416+0000] {dag.py:3823} INFO - Setting next_dagrun for qttg_bronze_silver_gold to None, run_after=None
[2026-09-18T06:54:33.455+0000] {processor.py:183} INFO - Processing /opt/airflow/dags/dag_qttg_bronze_silver_gold.py took 0.195 seconds
[2026-09-18T06:55:03.617+0000] {processor.py:161} INFO - Started process (PID=2256) to work on /opt/airflow/dags/dag_qttg_bronze_silver_gold.py
[2026-09-18T06:55:03.620+0000] {processor.py:830} INFO - Processing file /opt/airflow/dags/dag_qttg_bronze_silver_gold.py for tasks to queue
[2026-09-18T06:55:03.623+0000] {logging_mixin.py:188} INFO - [2026-09-18T06:55:03.623+0000] {dagbag.py:538} INFO - Filling up the DagBag from /opt/airflow/dags/dag_qttg_bronze_silver_gold.py
[2026-09-18T06:55:03.678+0000] {processor.py:840} INFO - DAG(s) 'qttg_bronze_silver_gold' retrieved from /opt/airflow/dags/dag_qttg_bronze_silver_gold.py
[2026-09-18T06:55:03.729+0000] {logging_mixin.py:188} INFO - [2026-09-18T06:55:03.729+0000] {dag.py:3036} INFO - Sync 1 DAGs
[2026-09-18T06:55:03.747+0000] {logging_mixin.py:188} INFO - [2026-09-18T06:55:03.747+0000] {dag.py:3823} INFO - Setting next_dagrun for qttg_bronze_silver_gold to None, run_after=None
[2026-09-18T06:55:03.780+0000] {processor.py:183} INFO - Processing /opt/airflow/dags/dag_qttg_bronze_silver_gold.py took 0.170 seconds
[2026-09-18T06:55:34.156+0000] {processor.py:161} INFO - Started process (PID=2261) to work on /opt/airflow/dags/dag_qttg_bronze_silver_gold.py
[2026-09-18T06:55:34.161+0000] {processor.py:830} INFO - Processing file /opt/airflow/dags/dag_qttg_bronze_silver_gold.py for tasks to queue
[2026-09-18T06:55:34.168+0000] {logging_mixin.py:188} INFO - [2026-09-18T06:55:34.168+0000] {dagbag.py:538} INFO - Filling up the DagBag from /opt/airflow/dags/dag_qttg_bronze_silver_gold.py
[2026-09-18T06:55:34.234+0000] {processor.py:840} INFO - DAG(s) 'qttg_bronze_silver_gold' retrieved from /opt/airflow/dags/dag_qttg_bronze_silver_gold.py
[2026-09-18T06:55:34.287+0000] {logging_mixin.py:188} INFO - [2026-09-18T06:55:34.287+0000] {dag.py:3036} INFO - Sync 1 DAGs
[2026-09-18T06:55:34.306+0000] {logging_mixin.py:188} INFO - [2026-09-18T06:55:34.306+0000] {dag.py:3823} INFO - Setting next_dagrun for qttg_bronze_silver_gold to None, run_after=None
[2026-09-18T06:55:34.337+0000] {processor.py:183} INFO - Processing /opt/airflow/dags/dag_qttg_bronze_silver_gold.py took 0.189 seconds
[2026-09-18T06:56:04.538+0000] {processor.py:161} INFO - Started process (PID=2266) to work on /opt/airflow/dags/dag_qttg_bronze_silver_gold.py
[2026-09-18T06:56:04.540+0000] {processor.py:830} INFO - Processing file /opt/airflow/dags/dag_qttg_bronze_silver_gold.py for tasks to queue
[2026-09-18T06:56:04.546+0000] {logging_mixin.py:188} INFO - [2026-09-18T06:56:04.546+0000] {dagbag.py:538} INFO - Filling up the DagBag from /opt/airflow/dags/dag_qttg_bronze_silver_gold.py
[2026-09-18T06:56:04.590+0000] {processor.py:840} INFO - DAG(s) 'qttg_bronze_silver_gold' retrieved from /opt/airflow/dags/dag_qttg_bronze_silver_gold.py
[2026-09-18T06:56:04.640+0000] {logging_mixin.py:188} INFO - [2026-09-18T06:56:04.640+0000] {dag.py:3036} INFO - Sync 1 DAGs
[2026-09-18T06:56:04.663+0000] {logging_mixin.py:188} INFO - [2026-09-18T06:56:04.663+0000] {dag.py:3823} INFO - Setting next_dagrun for qttg_bronze_silver_gold to None, run_after=None
[2026-09-18T06:56:04.692+0000] {processor.py:183} INFO - Processing /opt/airflow/dags/dag_qttg_bronze_silver_gold.py took 0.160 seconds
[2026-09-18T06:56:35.131+0000] {processor.py:161} INFO - Started process (PID=2271) to work on /opt/airflow/dags/dag_qttg_bronze_silver_gold.py
[2026-09-18T06:56:35.134+0000] {processor.py:830} INFO - Processing file /opt/airflow/dags/dag_qttg_bronze_silver_gold.py for tasks to queue
[2026-09-18T06:56:35.136+0000] {logging_mixin.py:188} INFO - [2026-09-18T06:56:35.136+0000] {dagbag.py:538} INFO - Filling up the DagBag from /opt/airflow/dags/dag_qttg_bronze_silver_gold.py
[2026-09-18T06:56:35.185+0000] {processor.py:840} INFO - DAG(s) 'qttg_bronze_silver_gold' retrieved from /opt/airflow/dags/dag_qttg_bronze_silver_gold.py
[2026-09-18T06:56:35.216+0000] {logging_mixin.py:188} INFO - [2026-09-18T06:56:35.216+0000] {dag.py:3036} INFO - Sync 1 DAGs
[2026-09-18T06:56:35.233+0000] {logging_mixin.py:188} INFO - [2026-09-18T06:56:35.232+0000] {dag.py:3823} INFO - Setting next_dagrun for qttg_bronze_silver_gold to None, run_after=None
[2026-09-18T06:56:35.265+0000] {processor.py:183} INFO - Processing /opt/airflow/dags/dag_qttg_bronze_silver_gold.py took 0.138 seconds
[2026-09-18T06:57:05.450+0000] {processor.py:161} INFO - Started process (PID=2276) to work on /opt/airflow/dags/dag_qttg_bronze_silver_gold.py
[2026-09-18T06:57:05.460+0000] {processor.py:830} INFO - Processing file /opt/airflow/dags/dag_qttg_bronze_silver_gold.py for tasks to queue
[2026-09-18T06:57:05.470+0000] {logging_mixin.py:188} INFO - [2026-09-18T06:57:05.470+0000] {dagbag.py:538} INFO - Filling up the DagBag from /opt/airflow/dags/dag_qttg_bronze_silver_gold.py
[2026-09-18T06:57:05.515+0000] {processor.py:840} INFO - DAG(s) 'qttg_bronze_silver_gold' retrieved from /opt/airflow/dags/dag_qttg_bronze_silver_gold.py
[2026-09-18T06:57:05.556+0000] {logging_mixin.py:188} INFO - [2026-09-18T06:57:05.555+0000] {dag.py:3036} INFO - Sync 1 DAGs
[2026-09-18T06:57:05.572+0000] {logging_mixin.py:188} INFO - [2026-09-18T06:57:05.572+0000] {dag.py:3823} INFO - Setting next_dagrun for qttg_bronze_silver_gold to None, run_after=None
[2026-09-18T06:57:05.602+0000] {processor.py:183} INFO - Processing /opt/airflow/dags/dag_qttg_bronze_silver_gold.py took 0.158 seconds
[2026-09-18T06:57:35.874+0000] {processor.py:161} INFO - Started process (PID=2281) to work on /opt/airflow/dags/dag_qttg_bronze_silver_gold.py
[2026-09-18T06:57:35.878+0000] {processor.py:830} INFO - Processing file /opt/airflow/dags/dag_qttg_bronze_silver_gold.py for tasks to queue
[2026-09-18T06:57:35.880+0000] {logging_mixin.py:188} INFO - [2026-09-18T06:57:35.880+0000] {dagbag.py:538} INFO - Filling up the DagBag from /opt/airflow/dags/dag_qttg_bronze_silver_gold.py
[2026-09-18T06:57:35.923+0000] {processor.py:840} INFO - DAG(s) 'qttg_bronze_silver_gold' retrieved from /opt/airflow/dags/dag_qttg_bronze_silver_gold.py
[2026-09-18T06:57:35.962+0000] {logging_mixin.py:188} INFO - [2026-09-18T06:57:35.961+0000] {dag.py:3036} INFO - Sync 1 DAGs
[2026-09-18T06:57:35.981+0000] {logging_mixin.py:188} INFO - [2026-09-18T06:57:35.981+0000] {dag.py:3823} INFO - Setting next_dagrun for qttg_bronze_silver_gold to None, run_after=None
[2026-09-18T06:57:36.003+0000] {processor.py:183} INFO - Processing /opt/airflow/dags/dag_qttg_bronze_silver_gold.py took 0.138 seconds
[2026-09-18T06:58:06.268+0000] {processor.py:161} INFO - Started process (PID=2286) to work on /opt/airflow/dags/dag_qttg_bronze_silver_gold.py
[2026-09-18T06:58:06.272+0000] {processor.py:830} INFO - Processing file /opt/airflow/dags/dag_qttg_bronze_silver_gold.py for tasks to queue
[2026-09-18T06:58:06.275+0000] {logging_mixin.py:188} INFO - [2026-09-18T06:58:06.275+0000] {dagbag.py:538} INFO - Filling up the DagBag from /opt/airflow/dags/dag_qttg_bronze_silver_gold.py
[2026-09-18T06:58:06.334+0000] {processor.py:840} INFO - DAG(s) 'qttg_bronze_silver_gold' retrieved from /opt/airflow/dags/dag_qttg_bronze_silver_gold.py
[2026-09-18T06:58:06.388+0000] {logging_mixin.py:188} INFO - [2026-09-18T06:58:06.388+0000] {dag.py:3036} INFO - Sync 1 DAGs
[2026-09-18T06:58:06.410+0000] {logging_mixin.py:188} INFO - [2026-09-18T06:58:06.410+0000] {dag.py:3823} INFO - Setting next_dagrun for qttg_bronze_silver_gold to None, run_after=None
[2026-09-18T06:58:06.447+0000] {processor.py:183} INFO - Processing /opt/airflow/dags/dag_qttg_bronze_silver_gold.py took 0.193 seconds
[2026-09-18T06:58:36.628+0000] {processor.py:161} INFO - Started process (PID=2291) to work on /opt/airflow/dags/dag_qttg_bronze_silver_gold.py
[2026-09-18T06:58:36.632+0000] {processor.py:830} INFO - Processing file /opt/airflow/dags/dag_qttg_bronze_silver_gold.py for tasks to queue
[2026-09-18T06:58:36.637+0000] {logging_mixin.py:188} INFO - [2026-09-18T06:58:36.637+0000] {dagbag.py:538} INFO - Filling up the DagBag from /opt/airflow/dags/dag_qttg_bronze_silver_gold.py
[2026-09-18T06:58:36.680+0000] {processor.py:840} INFO - DAG(s) 'qttg_bronze_silver_gold' retrieved from /opt/airflow/dags/dag_qttg_bronze_silver_gold.py
[2026-09-18T06:58:36.720+0000] {logging_mixin.py:188} INFO - [2026-09-18T06:58:36.720+0000] {dag.py:3036} INFO - Sync 1 DAGs
[2026-09-18T06:58:36.740+0000] {logging_mixin.py:188} INFO - [2026-09-18T06:58:36.740+0000] {dag.py:3823} INFO - Setting next_dagrun for qttg_bronze_silver_gold to None, run_after=None
[2026-09-18T06:58:36.769+0000] {processor.py:183} INFO - Processing /opt/airflow/dags/dag_qttg_bronze_silver_gold.py took 0.146 seconds
[2026-09-18T06:59:07.099+0000] {processor.py:161} INFO - Started process (PID=2296) to work on /opt/airflow/dags/dag_qttg_bronze_silver_gold.py
[2026-09-18T06:59:07.102+0000] {processor.py:830} INFO - Processing file /opt/airflow/dags/dag_qttg_bronze_silver_gold.py for tasks to queue
[2026-09-18T06:59:07.106+0000] {logging_mixin.py:188} INFO - [2026-09-18T06:59:07.106+0000] {dagbag.py:538} INFO - Filling up the DagBag from /opt/airflow/dags/dag_qttg_bronze_silver_gold.py
[2026-09-18T06:59:07.174+0000] {processor.py:840} INFO - DAG(s) 'qttg_bronze_silver_gold' retrieved from /opt/airflow/dags/dag_qttg_bronze_silver_gold.py
[2026-09-18T06:59:07.227+0000] {logging_mixin.py:188} INFO - [2026-09-18T06:59:07.226+0000] {dag.py:3036} INFO - Sync 1 DAGs
[2026-09-18T06:59:07.256+0000] {logging_mixin.py:188} INFO - [2026-09-18T06:59:07.256+0000] {dag.py:3823} INFO - Setting next_dagrun for qttg_bronze_silver_gold to None, run_after=None
[2026-09-18T06:59:07.284+0000] {processor.py:183} INFO - Processing /opt/airflow/dags/dag_qttg_bronze_silver_gold.py took 0.190 seconds
[2026-09-18T06:59:37.418+0000] {processor.py:161} INFO - Started process (PID=2301) to work on /opt/airflow/dags/dag_qttg_bronze_silver_gold.py
[2026-09-18T06:59:37.422+0000] {processor.py:830} INFO - Processing file /opt/airflow/dags/dag_qttg_bronze_silver_gold.py for tasks to queue
[2026-09-18T06:59:37.425+0000] {logging_mixin.py:188} INFO - [2026-09-18T06:59:37.425+0000] {dagbag.py:538} INFO - Filling up the DagBag from /opt/airflow/dags/dag_qttg_bronze_silver_gold.py
[2026-09-18T06:59:37.476+0000] {processor.py:840} INFO - DAG(s) 'qttg_bronze_silver_gold' retrieved from /opt/airflow/dags/dag_qttg_bronze_silver_gold.py
[2026-09-18T06:59:37.543+0000] {logging_mixin.py:188} INFO - [2026-09-18T06:59:37.543+0000] {dag.py:3036} INFO - Sync 1 DAGs
[2026-09-18T06:59:37.568+0000] {logging_mixin.py:188} INFO - [2026-09-18T06:59:37.567+0000] {dag.py:3823} INFO - Setting next_dagrun for qttg_bronze_silver_gold to None, run_after=None
[2026-09-18T06:59:37.609+0000] {processor.py:183} INFO - Processing /opt/airflow/dags/dag_qttg_bronze_silver_gold.py took 0.196 seconds
[2026-09-18T07:00:07.908+0000] {processor.py:161} INFO - Started process (PID=2306) to work on /opt/airflow/dags/dag_qttg_bronze_silver_gold.py
[2026-09-18T07:00:07.911+0000] {processor.py:830} INFO - Processing file /opt/airflow/dags/dag_qttg_bronze_silver_gold.py for tasks to queue
[2026-09-18T07:00:07.914+0000] {logging_mixin.py:188} INFO - [2026-09-18T07:00:07.913+0000] {dagbag.py:538} INFO - Filling up the DagBag from /opt/airflow/dags/dag_qttg_bronze_silver_gold.py
[2026-09-18T07:00:07.950+0000] {processor.py:840} INFO - DAG(s) 'qttg_bronze_silver_gold' retrieved from /opt/airflow/dags/dag_qttg_bronze_silver_gold.py
[2026-09-18T07:00:07.987+0000] {logging_mixin.py:188} INFO - [2026-09-18T07:00:07.987+0000] {dag.py:3036} INFO - Sync 1 DAGs
[2026-09-18T07:00:08.004+0000] {logging_mixin.py:188} INFO - [2026-09-18T07:00:08.004+0000] {dag.py:3823} INFO - Setting next_dagrun for qttg_bronze_silver_gold to None, run_after=None
[2026-09-18T07:00:08.035+0000] {processor.py:183} INFO - Processing /opt/airflow/dags/dag_qttg_bronze_silver_gold.py took 0.132 seconds
[2026-09-18T07:00:38.315+0000] {processor.py:161} INFO - Started process (PID=2311) to work on /opt/airflow/dags/dag_qttg_bronze_silver_gold.py
[2026-09-18T07:00:38.320+0000] {processor.py:830} INFO - Processing file /opt/airflow/dags/dag_qttg_bronze_silver_gold.py for tasks to queue
[2026-09-18T07:00:38.323+0000] {logging_mixin.py:188} INFO - [2026-09-18T07:00:38.323+0000] {dagbag.py:538} INFO - Filling up the DagBag from /opt/airflow/dags/dag_qttg_bronze_silver_gold.py
[2026-09-18T07:00:38.389+0000] {processor.py:840} INFO - DAG(s) 'qttg_bronze_silver_gold' retrieved from /opt/airflow/dags/dag_qttg_bronze_silver_gold.py
[2026-09-18T07:00:38.481+0000] {logging_mixin.py:188} INFO - [2026-09-18T07:00:38.481+0000] {dag.py:3036} INFO - Sync 1 DAGs
[2026-09-18T07:00:38.505+0000] {logging_mixin.py:188} INFO - [2026-09-18T07:00:38.505+0000] {dag.py:3823} INFO - Setting next_dagrun for qttg_bronze_silver_gold to None, run_after=None
[2026-09-18T07:00:38.541+0000] {processor.py:183} INFO - Processing /opt/airflow/dags/dag_qttg_bronze_silver_gold.py took 0.233 seconds
[2026-09-18T07:01:08.759+0000] {processor.py:161} INFO - Started process (PID=2316) to work on /opt/airflow/dags/dag_qttg_bronze_silver_gold.py
[2026-09-18T07:01:08.762+0000] {processor.py:830} INFO - Processing file /opt/airflow/dags/dag_qttg_bronze_silver_gold.py for tasks to queue
[2026-09-18T07:01:08.766+0000] {logging_mixin.py:188} INFO - [2026-09-18T07:01:08.766+0000] {dagbag.py:538} INFO - Filling up the DagBag from /opt/airflow/dags/dag_qttg_bronze_silver_gold.py
[2026-09-18T07:01:08.815+0000] {processor.py:840} INFO - DAG(s) 'qttg_bronze_silver_gold' retrieved from /opt/airflow/dags/dag_qttg_bronze_silver_gold.py
[2026-09-18T07:01:08.866+0000] {logging_mixin.py:188} INFO - [2026-09-18T07:01:08.866+0000] {dag.py:3036} INFO - Sync 1 DAGs
[2026-09-18T07:01:08.887+0000] {logging_mixin.py:188} INFO - [2026-09-18T07:01:08.886+0000] {dag.py:3823} INFO - Setting next_dagrun for qttg_bronze_silver_gold to None, run_after=None
[2026-09-18T07:01:08.925+0000] {processor.py:183} INFO - Processing /opt/airflow/dags/dag_qttg_bronze_silver_gold.py took 0.172 seconds
[2026-09-18T07:01:39.241+0000] {processor.py:161} INFO - Started process (PID=2321) to work on /opt/airflow/dags/dag_qttg_bronze_silver_gold.py
[2026-09-18T07:01:39.244+0000] {processor.py:830} INFO - Processing file /opt/airflow/dags/dag_qttg_bronze_silver_gold.py for tasks to queue
[2026-09-18T07:01:39.248+0000] {logging_mixin.py:188} INFO - [2026-09-18T07:01:39.247+0000] {dagbag.py:538} INFO - Filling up the DagBag from /opt/airflow/dags/dag_qttg_bronze_silver_gold.py
[2026-09-18T07:01:39.326+0000] {processor.py:840} INFO - DAG(s) 'qttg_bronze_silver_gold' retrieved from /opt/airflow/dags/dag_qttg_bronze_silver_gold.py
[2026-09-18T07:01:39.408+0000] {logging_mixin.py:188} INFO - [2026-09-18T07:01:39.407+0000] {dag.py:3036} INFO - Sync 1 DAGs
[2026-09-18T07:01:39.422+0000] {logging_mixin.py:188} INFO - [2026-09-18T07:01:39.422+0000] {dag.py:3823} INFO - Setting next_dagrun for qttg_bronze_silver_gold to None, run_after=None
[2026-09-18T07:01:39.460+0000] {processor.py:183} INFO - Processing /opt/airflow/dags/dag_qttg_bronze_silver_gold.py took 0.226 seconds
[2026-09-18T07:02:09.606+0000] {processor.py:161} INFO - Started process (PID=2326) to work on /opt/airflow/dags/dag_qttg_bronze_silver_gold.py
[2026-09-18T07:02:09.609+0000] {processor.py:830} INFO - Processing file /opt/airflow/dags/dag_qttg_bronze_silver_gold.py for tasks to queue
[2026-09-18T07:02:09.612+0000] {logging_mixin.py:188} INFO - [2026-09-18T07:02:09.612+0000] {dagbag.py:538} INFO - Filling up the DagBag from /opt/airflow/dags/dag_qttg_bronze_silver_gold.py
[2026-09-18T07:02:09.656+0000] {processor.py:840} INFO - DAG(s) 'qttg_bronze_silver_gold' retrieved from /opt/airflow/dags/dag_qttg_bronze_silver_gold.py
[2026-09-18T07:02:09.703+0000] {logging_mixin.py:188} INFO - [2026-09-18T07:02:09.702+0000] {dag.py:3036} INFO - Sync 1 DAGs
[2026-09-18T07:02:09.717+0000] {logging_mixin.py:188} INFO - [2026-09-18T07:02:09.716+0000] {dag.py:3823} INFO - Setting next_dagrun for qttg_bronze_silver_gold to None, run_after=None
[2026-09-18T07:02:09.756+0000] {processor.py:183} INFO - Processing /opt/airflow/dags/dag_qttg_bronze_silver_gold.py took 0.154 seconds
[2026-09-18T07:02:40.390+0000] {processor.py:161} INFO - Started process (PID=2331) to work on /opt/airflow/dags/dag_qttg_bronze_silver_gold.py
[2026-09-18T07:02:40.393+0000] {processor.py:830} INFO - Processing file /opt/airflow/dags/dag_qttg_bronze_silver_gold.py for tasks to queue
[2026-09-18T07:02:40.396+0000] {logging_mixin.py:188} INFO - [2026-09-18T07:02:40.395+0000] {dagbag.py:538} INFO - Filling up the DagBag from /opt/airflow/dags/dag_qttg_bronze_silver_gold.py
[2026-09-18T07:02:40.451+0000] {processor.py:840} INFO - DAG(s) 'qttg_bronze_silver_gold' retrieved from /opt/airflow/dags/dag_qttg_bronze_silver_gold.py
[2026-09-18T07:02:40.542+0000] {logging_mixin.py:188} INFO - [2026-09-18T07:02:40.542+0000] {dag.py:3036} INFO - Sync 1 DAGs
[2026-09-18T07:02:40.565+0000] {logging_mixin.py:188} INFO - [2026-09-18T07:02:40.565+0000] {dag.py:3823} INFO - Setting next_dagrun for qttg_bronze_silver_gold to None, run_after=None
[2026-09-18T07:02:40.617+0000] {processor.py:183} INFO - Processing /opt/airflow/dags/dag_qttg_bronze_silver_gold.py took 0.233 seconds
[2026-09-18T07:03:10.989+0000] {processor.py:161} INFO - Started process (PID=2336) to work on /opt/airflow/dags/dag_qttg_bronze_silver_gold.py
[2026-09-18T07:03:10.994+0000] {processor.py:830} INFO - Processing file /opt/airflow/dags/dag_qttg_bronze_silver_gold.py for tasks to queue
[2026-09-18T07:03:10.999+0000] {logging_mixin.py:188} INFO - [2026-09-18T07:03:10.998+0000] {dagbag.py:538} INFO - Filling up the DagBag from /opt/airflow/dags/dag_qttg_bronze_silver_gold.py
[2026-09-18T07:03:11.054+0000] {processor.py:840} INFO - DAG(s) 'qttg_bronze_silver_gold' retrieved from /opt/airflow/dags/dag_qttg_bronze_silver_gold.py
[2026-09-18T07:03:11.096+0000] {logging_mixin.py:188} INFO - [2026-09-18T07:03:11.096+0000] {dag.py:3036} INFO - Sync 1 DAGs
[2026-09-18T07:03:11.113+0000] {logging_mixin.py:188} INFO - [2026-09-18T07:03:11.113+0000] {dag.py:3823} INFO - Setting next_dagrun for qttg_bronze_silver_gold to None, run_after=None
[2026-09-18T07:03:11.142+0000] {processor.py:183} INFO - Processing /opt/airflow/dags/dag_qttg_bronze_silver_gold.py took 0.158 seconds
[2026-09-18T07:03:41.267+0000] {processor.py:161} INFO - Started process (PID=2341) to work on /opt/airflow/dags/dag_qttg_bronze_silver_gold.py
[2026-09-18T07:03:41.269+0000] {processor.py:830} INFO - Processing file /opt/airflow/dags/dag_qttg_bronze_silver_gold.py for tasks to queue
[2026-09-18T07:03:41.272+0000] {logging_mixin.py:188} INFO - [2026-09-18T07:03:41.272+0000] {dagbag.py:538} INFO - Filling up the DagBag from /opt/airflow/dags/dag_qttg_bronze_silver_gold.py
[2026-09-18T07:03:41.316+0000] {processor.py:840} INFO - DAG(s) 'qttg_bronze_silver_gold' retrieved from /opt/airflow/dags/dag_qttg_bronze_silver_gold.py
[2026-09-18T07:03:41.365+0000] {logging_mixin.py:188} INFO - [2026-09-18T07:03:41.365+0000] {dag.py:3036} INFO - Sync 1 DAGs
[2026-09-18T07:03:41.380+0000] {logging_mixin.py:188} INFO - [2026-09-18T07:03:41.380+0000] {dag.py:3823} INFO - Setting next_dagrun for qttg_bronze_silver_gold to None, run_after=None
[2026-09-18T07:03:41.407+0000] {processor.py:183} INFO - Processing /opt/airflow/dags/dag_qttg_bronze_silver_gold.py took 0.147 seconds
[2026-09-18T07:04:11.808+0000] {processor.py:161} INFO - Started process (PID=2346) to work on /opt/airflow/dags/dag_qttg_bronze_silver_gold.py
[2026-09-18T07:04:11.810+0000] {processor.py:830} INFO - Processing file /opt/airflow/dags/dag_qttg_bronze_silver_gold.py for tasks to queue
[2026-09-18T07:04:11.813+0000] {logging_mixin.py:188} INFO - [2026-09-18T07:04:11.812+0000] {dagbag.py:538} INFO - Filling up the DagBag from /opt/airflow/dags/dag_qttg_bronze_silver_gold.py
[2026-09-18T07:04:11.857+0000] {processor.py:840} INFO - DAG(s) 'qttg_bronze_silver_gold' retrieved from /opt/airflow/dags/dag_qttg_bronze_silver_gold.py
[2026-09-18T07:04:11.896+0000] {logging_mixin.py:188} INFO - [2026-09-18T07:04:11.896+0000] {dag.py:3036} INFO - Sync 1 DAGs
[2026-09-18T07:04:11.914+0000] {logging_mixin.py:188} INFO - [2026-09-18T07:04:11.913+0000] {dag.py:3823} INFO - Setting next_dagrun for qttg_bronze_silver_gold to None, run_after=None
[2026-09-18T07:04:11.943+0000] {processor.py:183} INFO - Processing /opt/airflow/dags/dag_qttg_bronze_silver_gold.py took 0.140 seconds
[2026-09-18T07:04:42.084+0000] {processor.py:161} INFO - Started process (PID=2351) to work on /opt/airflow/dags/dag_qttg_bronze_silver_gold.py
[2026-09-18T07:04:42.087+0000] {processor.py:830} INFO - Processing file /opt/airflow/dags/dag_qttg_bronze_silver_gold.py for tasks to queue
[2026-09-18T07:04:42.092+0000] {logging_mixin.py:188} INFO - [2026-09-18T07:04:42.092+0000] {dagbag.py:538} INFO - Filling up the DagBag from /opt/airflow/dags/dag_qttg_bronze_silver_gold.py
[2026-09-18T07:04:42.152+0000] {processor.py:840} INFO - DAG(s) 'qttg_bronze_silver_gold' retrieved from /opt/airflow/dags/dag_qttg_bronze_silver_gold.py
[2026-09-18T07:04:42.199+0000] {logging_mixin.py:188} INFO - [2026-09-18T07:04:42.199+0000] {dag.py:3036} INFO - Sync 1 DAGs
[2026-09-18T07:04:42.215+0000] {logging_mixin.py:188} INFO - [2026-09-18T07:04:42.215+0000] {dag.py:3823} INFO - Setting next_dagrun for qttg_bronze_silver_gold to None, run_after=None
[2026-09-18T07:04:42.243+0000] {processor.py:183} INFO - Processing /opt/airflow/dags/dag_qttg_bronze_silver_gold.py took 0.167 seconds
[2026-09-18T07:05:12.960+0000] {processor.py:161} INFO - Started process (PID=2356) to work on /opt/airflow/dags/dag_qttg_bronze_silver_gold.py
[2026-09-18T07:05:12.964+0000] {processor.py:830} INFO - Processing file /opt/airflow/dags/dag_qttg_bronze_silver_gold.py for tasks to queue
[2026-09-18T07:05:12.966+0000] {logging_mixin.py:188} INFO - [2026-09-18T07:05:12.965+0000] {dagbag.py:538} INFO - Filling up the DagBag from /opt/airflow/dags/dag_qttg_bronze_silver_gold.py
[2026-09-18T07:05:13.045+0000] {processor.py:840} INFO - DAG(s) 'qttg_bronze_silver_gold' retrieved from /opt/airflow/dags/dag_qttg_bronze_silver_gold.py
[2026-09-18T07:05:13.090+0000] {logging_mixin.py:188} INFO - [2026-09-18T07:05:13.090+0000] {dag.py:3036} INFO - Sync 1 DAGs
[2026-09-18T07:05:13.117+0000] {logging_mixin.py:188} INFO - [2026-09-18T07:05:13.116+0000] {dag.py:3823} INFO - Setting next_dagrun for qttg_bronze_silver_gold to None, run_after=None
[2026-09-18T07:05:13.146+0000] {processor.py:183} INFO - Processing /opt/airflow/dags/dag_qttg_bronze_silver_gold.py took 0.190 seconds
[2026-09-18T07:05:43.317+0000] {processor.py:161} INFO - Started process (PID=2361) to work on /opt/airflow/dags/dag_qttg_bronze_silver_gold.py
[2026-09-18T07:05:43.321+0000] {processor.py:830} INFO - Processing file /opt/airflow/dags/dag_qttg_bronze_silver_gold.py for tasks to queue
[2026-09-18T07:05:43.323+0000] {logging_mixin.py:188} INFO - [2026-09-18T07:05:43.323+0000] {dagbag.py:538} INFO - Filling up the DagBag from /opt/airflow/dags/dag_qttg_bronze_silver_gold.py
[2026-09-18T07:05:43.368+0000] {processor.py:840} INFO - DAG(s) 'qttg_bronze_silver_gold' retrieved from /opt/airflow/dags/dag_qttg_bronze_silver_gold.py
[2026-09-18T07:05:43.411+0000] {logging_mixin.py:188} INFO - [2026-09-18T07:05:43.411+0000] {dag.py:3036} INFO - Sync 1 DAGs
[2026-09-18T07:05:43.429+0000] {logging_mixin.py:188} INFO - [2026-09-18T07:05:43.429+0000] {dag.py:3823} INFO - Setting next_dagrun for qttg_bronze_silver_gold to None, run_after=None
[2026-09-18T07:05:43.480+0000] {processor.py:183} INFO - Processing /opt/airflow/dags/dag_qttg_bronze_silver_gold.py took 0.168 seconds
[2026-09-18T07:06:13.889+0000] {processor.py:161} INFO - Started process (PID=2366) to work on /opt/airflow/dags/dag_qttg_bronze_silver_gold.py
[2026-09-18T07:06:13.894+0000] {processor.py:830} INFO - Processing file /opt/airflow/dags/dag_qttg_bronze_silver_gold.py for tasks to queue
[2026-09-18T07:06:13.899+0000] {logging_mixin.py:188} INFO - [2026-09-18T07:06:13.899+0000] {dagbag.py:538} INFO - Filling up the DagBag from /opt/airflow/dags/dag_qttg_bronze_silver_gold.py
[2026-09-18T07:06:14.128+0000] {processor.py:840} INFO - DAG(s) 'qttg_bronze_silver_gold' retrieved from /opt/airflow/dags/dag_qttg_bronze_silver_gold.py
[2026-09-18T07:06:14.168+0000] {logging_mixin.py:188} INFO - [2026-09-18T07:06:14.168+0000] {dag.py:3036} INFO - Sync 1 DAGs
[2026-09-18T07:06:14.184+0000] {logging_mixin.py:188} INFO - [2026-09-18T07:06:14.183+0000] {dag.py:3823} INFO - Setting next_dagrun for qttg_bronze_silver_gold to None, run_after=None
[2026-09-18T07:06:14.225+0000] {processor.py:183} INFO - Processing /opt/airflow/dags/dag_qttg_bronze_silver_gold.py took 0.346 seconds
[2026-09-18T07:06:44.855+0000] {processor.py:161} INFO - Started process (PID=2371) to work on /opt/airflow/dags/dag_qttg_bronze_silver_gold.py
[2026-09-18T07:06:44.859+0000] {processor.py:830} INFO - Processing file /opt/airflow/dags/dag_qttg_bronze_silver_gold.py for tasks to queue
[2026-09-18T07:06:44.863+0000] {logging_mixin.py:188} INFO - [2026-09-18T07:06:44.863+0000] {dagbag.py:538} INFO - Filling up the DagBag from /opt/airflow/dags/dag_qttg_bronze_silver_gold.py
[2026-09-18T07:06:44.981+0000] {processor.py:840} INFO - DAG(s) 'qttg_bronze_silver_gold' retrieved from /opt/airflow/dags/dag_qttg_bronze_silver_gold.py
[2026-09-18T07:06:45.077+0000] {logging_mixin.py:188} INFO - [2026-09-18T07:06:45.076+0000] {dag.py:3036} INFO - Sync 1 DAGs
[2026-09-18T07:06:45.109+0000] {logging_mixin.py:188} INFO - [2026-09-18T07:06:45.109+0000] {dag.py:3823} INFO - Setting next_dagrun for qttg_bronze_silver_gold to None, run_after=None
[2026-09-18T07:06:45.168+0000] {processor.py:183} INFO - Processing /opt/airflow/dags/dag_qttg_bronze_silver_gold.py took 0.323 seconds
[2026-09-18T07:07:15.735+0000] {processor.py:161} INFO - Started process (PID=2376) to work on /opt/airflow/dags/dag_qttg_bronze_silver_gold.py
[2026-09-18T07:07:15.738+0000] {processor.py:830} INFO - Processing file /opt/airflow/dags/dag_qttg_bronze_silver_gold.py for tasks to queue
[2026-09-18T07:07:15.740+0000] {logging_mixin.py:188} INFO - [2026-09-18T07:07:15.740+0000] {dagbag.py:538} INFO - Filling up the DagBag from /opt/airflow/dags/dag_qttg_bronze_silver_gold.py
[2026-09-18T07:07:15.808+0000] {processor.py:840} INFO - DAG(s) 'qttg_bronze_silver_gold' retrieved from /opt/airflow/dags/dag_qttg_bronze_silver_gold.py
[2026-09-18T07:07:15.885+0000] {logging_mixin.py:188} INFO - [2026-09-18T07:07:15.884+0000] {dag.py:3036} INFO - Sync 1 DAGs
[2026-09-18T07:07:15.908+0000] {logging_mixin.py:188} INFO - [2026-09-18T07:07:15.908+0000] {dag.py:3823} INFO - Setting next_dagrun for qttg_bronze_silver_gold to None, run_after=None
[2026-09-18T07:07:15.997+0000] {processor.py:183} INFO - Processing /opt/airflow/dags/dag_qttg_bronze_silver_gold.py took 0.272 seconds
[2026-09-18T07:07:46.349+0000] {processor.py:161} INFO - Started process (PID=2381) to work on /opt/airflow/dags/dag_qttg_bronze_silver_gold.py
[2026-09-18T07:07:46.351+0000] {processor.py:830} INFO - Processing file /opt/airflow/dags/dag_qttg_bronze_silver_gold.py for tasks to queue
[2026-09-18T07:07:46.353+0000] {logging_mixin.py:188} INFO - [2026-09-18T07:07:46.353+0000] {dagbag.py:538} INFO - Filling up the DagBag from /opt/airflow/dags/dag_qttg_bronze_silver_gold.py
[2026-09-18T07:07:46.409+0000] {processor.py:840} INFO - DAG(s) 'qttg_bronze_silver_gold' retrieved from /opt/airflow/dags/dag_qttg_bronze_silver_gold.py
[2026-09-18T07:07:46.451+0000] {logging_mixin.py:188} INFO - [2026-09-18T07:07:46.451+0000] {dag.py:3036} INFO - Sync 1 DAGs
[2026-09-18T07:07:46.464+0000] {logging_mixin.py:188} INFO - [2026-09-18T07:07:46.464+0000] {dag.py:3823} INFO - Setting next_dagrun for qttg_bronze_silver_gold to None, run_after=None
[2026-09-18T07:07:46.491+0000] {processor.py:183} INFO - Processing /opt/airflow/dags/dag_qttg_bronze_silver_gold.py took 0.146 seconds
[2026-09-18T07:08:16.768+0000] {processor.py:161} INFO - Started process (PID=2386) to work on /opt/airflow/dags/dag_qttg_bronze_silver_gold.py
[2026-09-18T07:08:16.773+0000] {processor.py:830} INFO - Processing file /opt/airflow/dags/dag_qttg_bronze_silver_gold.py for tasks to queue
[2026-09-18T07:08:16.778+0000] {logging_mixin.py:188} INFO - [2026-09-18T07:08:16.777+0000] {dagbag.py:538} INFO - Filling up the DagBag from /opt/airflow/dags/dag_qttg_bronze_silver_gold.py
[2026-09-18T07:08:16.836+0000] {processor.py:840} INFO - DAG(s) 'qttg_bronze_silver_gold' retrieved from /opt/airflow/dags/dag_qttg_bronze_silver_gold.py
[2026-09-18T07:08:16.912+0000] {logging_mixin.py:188} INFO - [2026-09-18T07:08:16.911+0000] {dag.py:3036} INFO - Sync 1 DAGs
[2026-09-18T07:08:16.943+0000] {logging_mixin.py:188} INFO - [2026-09-18T07:08:16.943+0000] {dag.py:3823} INFO - Setting next_dagrun for qttg_bronze_silver_gold to None, run_after=None
[2026-09-18T07:08:16.978+0000] {processor.py:183} INFO - Processing /opt/airflow/dags/dag_qttg_bronze_silver_gold.py took 0.219 seconds
[2026-09-18T07:08:47.191+0000] {processor.py:161} INFO - Started process (PID=2391) to work on /opt/airflow/dags/dag_qttg_bronze_silver_gold.py
[2026-09-18T07:08:47.194+0000] {processor.py:830} INFO - Processing file /opt/airflow/dags/dag_qttg_bronze_silver_gold.py for tasks to queue
[2026-09-18T07:08:47.199+0000] {logging_mixin.py:188} INFO - [2026-09-18T07:08:47.199+0000] {dagbag.py:538} INFO - Filling up the DagBag from /opt/airflow/dags/dag_qttg_bronze_silver_gold.py
[2026-09-18T07:08:47.287+0000] {processor.py:840} INFO - DAG(s) 'qttg_bronze_silver_gold' retrieved from /opt/airflow/dags/dag_qttg_bronze_silver_gold.py
[2026-09-18T07:08:47.335+0000] {logging_mixin.py:188} INFO - [2026-09-18T07:08:47.335+0000] {dag.py:3036} INFO - Sync 1 DAGs
[2026-09-18T07:08:47.354+0000] {logging_mixin.py:188} INFO - [2026-09-18T07:08:47.354+0000] {dag.py:3823} INFO - Setting next_dagrun for qttg_bronze_silver_gold to None, run_after=None
[2026-09-18T07:08:47.421+0000] {processor.py:183} INFO - Processing /opt/airflow/dags/dag_qttg_bronze_silver_gold.py took 0.236 seconds
[2026-09-18T07:09:17.671+0000] {processor.py:161} INFO - Started process (PID=2396) to work on /opt/airflow/dags/dag_qttg_bronze_silver_gold.py
[2026-09-18T07:09:17.674+0000] {processor.py:830} INFO - Processing file /opt/airflow/dags/dag_qttg_bronze_silver_gold.py for tasks to queue
[2026-09-18T07:09:17.677+0000] {logging_mixin.py:188} INFO - [2026-09-18T07:09:17.676+0000] {dagbag.py:538} INFO - Filling up the DagBag from /opt/airflow/dags/dag_qttg_bronze_silver_gold.py
[2026-09-18T07:09:17.732+0000] {processor.py:840} INFO - DAG(s) 'qttg_bronze_silver_gold' retrieved from /opt/airflow/dags/dag_qttg_bronze_silver_gold.py
[2026-09-18T07:09:17.777+0000] {logging_mixin.py:188} INFO - [2026-09-18T07:09:17.777+0000] {dag.py:3036} INFO - Sync 1 DAGs
[2026-09-18T07:09:17.794+0000] {logging_mixin.py:188} INFO - [2026-09-18T07:09:17.793+0000] {dag.py:3823} INFO - Setting next_dagrun for qttg_bronze_silver_gold to None, run_after=None
[2026-09-18T07:09:17.837+0000] {processor.py:183} INFO - Processing /opt/airflow/dags/dag_qttg_bronze_silver_gold.py took 0.170 seconds
[2026-09-18T07:09:48.155+0000] {processor.py:161} INFO - Started process (PID=2401) to work on /opt/airflow/dags/dag_qttg_bronze_silver_gold.py
[2026-09-18T07:09:48.157+0000] {processor.py:830} INFO - Processing file /opt/airflow/dags/dag_qttg_bronze_silver_gold.py for tasks to queue
[2026-09-18T07:09:48.161+0000] {logging_mixin.py:188} INFO - [2026-09-18T07:09:48.160+0000] {dagbag.py:538} INFO - Filling up the DagBag from /opt/airflow/dags/dag_qttg_bronze_silver_gold.py
[2026-09-18T07:09:48.220+0000] {processor.py:840} INFO - DAG(s) 'qttg_bronze_silver_gold' retrieved from /opt/airflow/dags/dag_qttg_bronze_silver_gold.py
[2026-09-18T07:09:48.309+0000] {logging_mixin.py:188} INFO - [2026-09-18T07:09:48.308+0000] {dag.py:3036} INFO - Sync 1 DAGs
[2026-09-18T07:09:48.346+0000] {logging_mixin.py:188} INFO - [2026-09-18T07:09:48.345+0000] {dag.py:3823} INFO - Setting next_dagrun for qttg_bronze_silver_gold to None, run_after=None
[2026-09-18T07:09:48.380+0000] {processor.py:183} INFO - Processing /opt/airflow/dags/dag_qttg_bronze_silver_gold.py took 0.233 seconds
[2026-09-18T07:10:18.563+0000] {processor.py:161} INFO - Started process (PID=2406) to work on /opt/airflow/dags/dag_qttg_bronze_silver_gold.py
[2026-09-18T07:10:18.567+0000] {processor.py:830} INFO - Processing file /opt/airflow/dags/dag_qttg_bronze_silver_gold.py for tasks to queue
[2026-09-18T07:10:18.570+0000] {logging_mixin.py:188} INFO - [2026-09-18T07:10:18.569+0000] {dagbag.py:538} INFO - Filling up the DagBag from /opt/airflow/dags/dag_qttg_bronze_silver_gold.py
[2026-09-18T07:10:18.629+0000] {processor.py:840} INFO - DAG(s) 'qttg_bronze_silver_gold' retrieved from /opt/airflow/dags/dag_qttg_bronze_silver_gold.py
[2026-09-18T07:10:18.695+0000] {logging_mixin.py:188} INFO - [2026-09-18T07:10:18.695+0000] {dag.py:3036} INFO - Sync 1 DAGs
[2026-09-18T07:10:18.715+0000] {logging_mixin.py:188} INFO - [2026-09-18T07:10:18.715+0000] {dag.py:3823} INFO - Setting next_dagrun for qttg_bronze_silver_gold to None, run_after=None
[2026-09-18T07:10:18.760+0000] {processor.py:183} INFO - Processing /opt/airflow/dags/dag_qttg_bronze_silver_gold.py took 0.205 seconds
[2026-09-18T07:10:49.096+0000] {processor.py:161} INFO - Started process (PID=2411) to work on /opt/airflow/dags/dag_qttg_bronze_silver_gold.py
[2026-09-18T07:10:49.102+0000] {processor.py:830} INFO - Processing file /opt/airflow/dags/dag_qttg_bronze_silver_gold.py for tasks to queue
[2026-09-18T07:10:49.105+0000] {logging_mixin.py:188} INFO - [2026-09-18T07:10:49.105+0000] {dagbag.py:538} INFO - Filling up the DagBag from /opt/airflow/dags/dag_qttg_bronze_silver_gold.py
[2026-09-18T07:10:49.146+0000] {processor.py:840} INFO - DAG(s) 'qttg_bronze_silver_gold' retrieved from /opt/airflow/dags/dag_qttg_bronze_silver_gold.py
[2026-09-18T07:10:49.196+0000] {logging_mixin.py:188} INFO - [2026-09-18T07:10:49.196+0000] {dag.py:3036} INFO - Sync 1 DAGs
[2026-09-18T07:10:49.217+0000] {logging_mixin.py:188} INFO - [2026-09-18T07:10:49.216+0000] {dag.py:3823} INFO - Setting next_dagrun for qttg_bronze_silver_gold to None, run_after=None
[2026-09-18T07:10:49.262+0000] {processor.py:183} INFO - Processing /opt/airflow/dags/dag_qttg_bronze_silver_gold.py took 0.176 seconds
[2026-09-18T07:11:19.510+0000] {processor.py:161} INFO - Started process (PID=2416) to work on /opt/airflow/dags/dag_qttg_bronze_silver_gold.py
[2026-09-18T07:11:19.513+0000] {processor.py:830} INFO - Processing file /opt/airflow/dags/dag_qttg_bronze_silver_gold.py for tasks to queue
[2026-09-18T07:11:19.519+0000] {logging_mixin.py:188} INFO - [2026-09-18T07:11:19.517+0000] {dagbag.py:538} INFO - Filling up the DagBag from /opt/airflow/dags/dag_qttg_bronze_silver_gold.py
[2026-09-18T07:11:19.595+0000] {processor.py:840} INFO - DAG(s) 'qttg_bronze_silver_gold' retrieved from /opt/airflow/dags/dag_qttg_bronze_silver_gold.py
[2026-09-18T07:11:19.638+0000] {logging_mixin.py:188} INFO - [2026-09-18T07:11:19.638+0000] {dag.py:3036} INFO - Sync 1 DAGs
[2026-09-18T07:11:19.654+0000] {logging_mixin.py:188} INFO - [2026-09-18T07:11:19.654+0000] {dag.py:3823} INFO - Setting next_dagrun for qttg_bronze_silver_gold to None, run_after=None
[2026-09-18T07:11:19.698+0000] {processor.py:183} INFO - Processing /opt/airflow/dags/dag_qttg_bronze_silver_gold.py took 0.195 seconds
[2026-09-18T07:11:50.063+0000] {processor.py:161} INFO - Started process (PID=2421) to work on /opt/airflow/dags/dag_qttg_bronze_silver_gold.py
[2026-09-18T07:11:50.066+0000] {processor.py:830} INFO - Processing file /opt/airflow/dags/dag_qttg_bronze_silver_gold.py for tasks to queue
[2026-09-18T07:11:50.069+0000] {logging_mixin.py:188} INFO - [2026-09-18T07:11:50.068+0000] {dagbag.py:538} INFO - Filling up the DagBag from /opt/airflow/dags/dag_qttg_bronze_silver_gold.py
[2026-09-18T07:11:50.125+0000] {processor.py:840} INFO - DAG(s) 'qttg_bronze_silver_gold' retrieved from /opt/airflow/dags/dag_qttg_bronze_silver_gold.py
[2026-09-18T07:11:50.191+0000] {logging_mixin.py:188} INFO - [2026-09-18T07:11:50.189+0000] {dag.py:3036} INFO - Sync 1 DAGs
[2026-09-18T07:11:50.229+0000] {logging_mixin.py:188} INFO - [2026-09-18T07:11:50.229+0000] {dag.py:3823} INFO - Setting next_dagrun for qttg_bronze_silver_gold to None, run_after=None
[2026-09-18T07:11:50.255+0000] {processor.py:183} INFO - Processing /opt/airflow/dags/dag_qttg_bronze_silver_gold.py took 0.197 seconds
[2026-09-18T07:12:20.398+0000] {processor.py:161} INFO - Started process (PID=2426) to work on /opt/airflow/dags/dag_qttg_bronze_silver_gold.py
[2026-09-18T07:12:20.402+0000] {processor.py:830} INFO - Processing file /opt/airflow/dags/dag_qttg_bronze_silver_gold.py for tasks to queue
[2026-09-18T07:12:20.405+0000] {logging_mixin.py:188} INFO - [2026-09-18T07:12:20.404+0000] {dagbag.py:538} INFO - Filling up the DagBag from /opt/airflow/dags/dag_qttg_bronze_silver_gold.py
[2026-09-18T07:12:20.453+0000] {processor.py:840} INFO - DAG(s) 'qttg_bronze_silver_gold' retrieved from /opt/airflow/dags/dag_qttg_bronze_silver_gold.py
[2026-09-18T07:12:20.491+0000] {logging_mixin.py:188} INFO - [2026-09-18T07:12:20.491+0000] {dag.py:3036} INFO - Sync 1 DAGs
[2026-09-18T07:12:20.506+0000] {logging_mixin.py:188} INFO - [2026-09-18T07:12:20.505+0000] {dag.py:3823} INFO - Setting next_dagrun for qttg_bronze_silver_gold to None, run_after=None
[2026-09-18T07:12:20.538+0000] {processor.py:183} INFO - Processing /opt/airflow/dags/dag_qttg_bronze_silver_gold.py took 0.146 seconds
[2026-09-18T07:12:50.917+0000] {processor.py:161} INFO - Started process (PID=2431) to work on /opt/airflow/dags/dag_qttg_bronze_silver_gold.py
[2026-09-18T07:12:50.920+0000] {processor.py:830} INFO - Processing file /opt/airflow/dags/dag_qttg_bronze_silver_gold.py for tasks to queue
[2026-09-18T07:12:50.923+0000] {logging_mixin.py:188} INFO - [2026-09-18T07:12:50.923+0000] {dagbag.py:538} INFO - Filling up the DagBag from /opt/airflow/dags/dag_qttg_bronze_silver_gold.py
[2026-09-18T07:12:50.965+0000] {processor.py:840} INFO - DAG(s) 'qttg_bronze_silver_gold' retrieved from /opt/airflow/dags/dag_qttg_bronze_silver_gold.py
[2026-09-18T07:12:51.014+0000] {logging_mixin.py:188} INFO - [2026-09-18T07:12:51.013+0000] {dag.py:3036} INFO - Sync 1 DAGs
[2026-09-18T07:12:51.035+0000] {logging_mixin.py:188} INFO - [2026-09-18T07:12:51.035+0000] {dag.py:3823} INFO - Setting next_dagrun for qttg_bronze_silver_gold to None, run_after=None
[2026-09-18T07:12:51.091+0000] {processor.py:183} INFO - Processing /opt/airflow/dags/dag_qttg_bronze_silver_gold.py took 0.177 seconds
[2026-09-18T07:13:21.291+0000] {processor.py:161} INFO - Started process (PID=2436) to work on /opt/airflow/dags/dag_qttg_bronze_silver_gold.py
[2026-09-18T07:13:21.294+0000] {processor.py:830} INFO - Processing file /opt/airflow/dags/dag_qttg_bronze_silver_gold.py for tasks to queue
[2026-09-18T07:13:21.297+0000] {logging_mixin.py:188} INFO - [2026-09-18T07:13:21.296+0000] {dagbag.py:538} INFO - Filling up the DagBag from /opt/airflow/dags/dag_qttg_bronze_silver_gold.py
[2026-09-18T07:13:21.352+0000] {processor.py:840} INFO - DAG(s) 'qttg_bronze_silver_gold' retrieved from /opt/airflow/dags/dag_qttg_bronze_silver_gold.py
[2026-09-18T07:13:21.428+0000] {logging_mixin.py:188} INFO - [2026-09-18T07:13:21.428+0000] {dag.py:3036} INFO - Sync 1 DAGs
[2026-09-18T07:13:21.456+0000] {logging_mixin.py:188} INFO - [2026-09-18T07:13:21.456+0000] {dag.py:3823} INFO - Setting next_dagrun for qttg_bronze_silver_gold to None, run_after=None
[2026-09-18T07:13:21.497+0000] {processor.py:183} INFO - Processing /opt/airflow/dags/dag_qttg_bronze_silver_gold.py took 0.212 seconds
[2026-09-18T07:13:51.747+0000] {processor.py:161} INFO - Started process (PID=2441) to work on /opt/airflow/dags/dag_qttg_bronze_silver_gold.py
[2026-09-18T07:13:51.751+0000] {processor.py:830} INFO - Processing file /opt/airflow/dags/dag_qttg_bronze_silver_gold.py for tasks to queue
[2026-09-18T07:13:51.755+0000] {logging_mixin.py:188} INFO - [2026-09-18T07:13:51.754+0000] {dagbag.py:538} INFO - Filling up the DagBag from /opt/airflow/dags/dag_qttg_bronze_silver_gold.py
[2026-09-18T07:13:51.808+0000] {processor.py:840} INFO - DAG(s) 'qttg_bronze_silver_gold' retrieved from /opt/airflow/dags/dag_qttg_bronze_silver_gold.py
[2026-09-18T07:13:51.848+0000] {logging_mixin.py:188} INFO - [2026-09-18T07:13:51.848+0000] {dag.py:3036} INFO - Sync 1 DAGs
[2026-09-18T07:13:51.865+0000] {logging_mixin.py:188} INFO - [2026-09-18T07:13:51.865+0000] {dag.py:3823} INFO - Setting next_dagrun for qttg_bronze_silver_gold to None, run_after=None
[2026-09-18T07:13:51.904+0000] {processor.py:183} INFO - Processing /opt/airflow/dags/dag_qttg_bronze_silver_gold.py took 0.164 seconds
[2026-09-18T07:14:22.192+0000] {processor.py:161} INFO - Started process (PID=2446) to work on /opt/airflow/dags/dag_qttg_bronze_silver_gold.py
[2026-09-18T07:14:22.195+0000] {processor.py:830} INFO - Processing file /opt/airflow/dags/dag_qttg_bronze_silver_gold.py for tasks to queue
[2026-09-18T07:14:22.200+0000] {logging_mixin.py:188} INFO - [2026-09-18T07:14:22.199+0000] {dagbag.py:538} INFO - Filling up the DagBag from /opt/airflow/dags/dag_qttg_bronze_silver_gold.py
[2026-09-18T07:14:22.264+0000] {processor.py:840} INFO - DAG(s) 'qttg_bronze_silver_gold' retrieved from /opt/airflow/dags/dag_qttg_bronze_silver_gold.py
[2026-09-18T07:14:22.320+0000] {logging_mixin.py:188} INFO - [2026-09-18T07:14:22.320+0000] {dag.py:3036} INFO - Sync 1 DAGs
[2026-09-18T07:14:22.341+0000] {logging_mixin.py:188} INFO - [2026-09-18T07:14:22.340+0000] {dag.py:3823} INFO - Setting next_dagrun for qttg_bronze_silver_gold to None, run_after=None
[2026-09-18T07:14:22.386+0000] {processor.py:183} INFO - Processing /opt/airflow/dags/dag_qttg_bronze_silver_gold.py took 0.203 seconds
[2026-09-18T07:14:52.595+0000] {processor.py:161} INFO - Started process (PID=2451) to work on /opt/airflow/dags/dag_qttg_bronze_silver_gold.py
[2026-09-18T07:14:52.597+0000] {processor.py:830} INFO - Processing file /opt/airflow/dags/dag_qttg_bronze_silver_gold.py for tasks to queue
[2026-09-18T07:14:52.599+0000] {logging_mixin.py:188} INFO - [2026-09-18T07:14:52.599+0000] {dagbag.py:538} INFO - Filling up the DagBag from /opt/airflow/dags/dag_qttg_bronze_silver_gold.py
[2026-09-18T07:14:52.636+0000] {processor.py:840} INFO - DAG(s) 'qttg_bronze_silver_gold' retrieved from /opt/airflow/dags/dag_qttg_bronze_silver_gold.py
[2026-09-18T07:14:52.676+0000] {logging_mixin.py:188} INFO - [2026-09-18T07:14:52.675+0000] {dag.py:3036} INFO - Sync 1 DAGs
[2026-09-18T07:14:52.697+0000] {logging_mixin.py:188} INFO - [2026-09-18T07:14:52.697+0000] {dag.py:3823} INFO - Setting next_dagrun for qttg_bronze_silver_gold to None, run_after=None
[2026-09-18T07:14:52.740+0000] {processor.py:183} INFO - Processing /opt/airflow/dags/dag_qttg_bronze_silver_gold.py took 0.149 seconds
[2026-09-18T07:15:23.075+0000] {processor.py:161} INFO - Started process (PID=2456) to work on /opt/airflow/dags/dag_qttg_bronze_silver_gold.py
[2026-09-18T07:15:23.081+0000] {processor.py:830} INFO - Processing file /opt/airflow/dags/dag_qttg_bronze_silver_gold.py for tasks to queue
[2026-09-18T07:15:23.085+0000] {logging_mixin.py:188} INFO - [2026-09-18T07:15:23.084+0000] {dagbag.py:538} INFO - Filling up the DagBag from /opt/airflow/dags/dag_qttg_bronze_silver_gold.py
[2026-09-18T07:15:23.139+0000] {processor.py:840} INFO - DAG(s) 'qttg_bronze_silver_gold' retrieved from /opt/airflow/dags/dag_qttg_bronze_silver_gold.py
[2026-09-18T07:15:23.188+0000] {logging_mixin.py:188} INFO - [2026-09-18T07:15:23.188+0000] {dag.py:3036} INFO - Sync 1 DAGs
[2026-09-18T07:15:23.213+0000] {logging_mixin.py:188} INFO - [2026-09-18T07:15:23.213+0000] {dag.py:3823} INFO - Setting next_dagrun for qttg_bronze_silver_gold to None, run_after=None
[2026-09-18T07:15:23.247+0000] {processor.py:183} INFO - Processing /opt/airflow/dags/dag_qttg_bronze_silver_gold.py took 0.180 seconds
[2026-09-18T07:15:53.380+0000] {processor.py:161} INFO - Started process (PID=2461) to work on /opt/airflow/dags/dag_qttg_bronze_silver_gold.py
[2026-09-18T07:15:53.383+0000] {processor.py:830} INFO - Processing file /opt/airflow/dags/dag_qttg_bronze_silver_gold.py for tasks to queue
[2026-09-18T07:15:53.386+0000] {logging_mixin.py:188} INFO - [2026-09-18T07:15:53.385+0000] {dagbag.py:538} INFO - Filling up the DagBag from /opt/airflow/dags/dag_qttg_bronze_silver_gold.py
[2026-09-18T07:15:53.480+0000] {processor.py:840} INFO - DAG(s) 'qttg_bronze_silver_gold' retrieved from /opt/airflow/dags/dag_qttg_bronze_silver_gold.py
[2026-09-18T07:15:53.517+0000] {logging_mixin.py:188} INFO - [2026-09-18T07:15:53.517+0000] {dag.py:3036} INFO - Sync 1 DAGs
[2026-09-18T07:15:53.535+0000] {logging_mixin.py:188} INFO - [2026-09-18T07:15:53.535+0000] {dag.py:3823} INFO - Setting next_dagrun for qttg_bronze_silver_gold to None, run_after=None
[2026-09-18T07:15:53.566+0000] {processor.py:183} INFO - Processing /opt/airflow/dags/dag_qttg_bronze_silver_gold.py took 0.191 seconds
[2026-09-18T07:16:23.898+0000] {processor.py:161} INFO - Started process (PID=2466) to work on /opt/airflow/dags/dag_qttg_bronze_silver_gold.py
[2026-09-18T07:16:23.901+0000] {processor.py:830} INFO - Processing file /opt/airflow/dags/dag_qttg_bronze_silver_gold.py for tasks to queue
[2026-09-18T07:16:23.903+0000] {logging_mixin.py:188} INFO - [2026-09-18T07:16:23.902+0000] {dagbag.py:538} INFO - Filling up the DagBag from /opt/airflow/dags/dag_qttg_bronze_silver_gold.py
[2026-09-18T07:16:23.952+0000] {processor.py:840} INFO - DAG(s) 'qttg_bronze_silver_gold' retrieved from /opt/airflow/dags/dag_qttg_bronze_silver_gold.py
[2026-09-18T07:16:23.995+0000] {logging_mixin.py:188} INFO - [2026-09-18T07:16:23.995+0000] {dag.py:3036} INFO - Sync 1 DAGs
[2026-09-18T07:16:24.010+0000] {logging_mixin.py:188} INFO - [2026-09-18T07:16:24.009+0000] {dag.py:3823} INFO - Setting next_dagrun for qttg_bronze_silver_gold to None, run_after=None
[2026-09-18T07:16:24.047+0000] {processor.py:183} INFO - Processing /opt/airflow/dags/dag_qttg_bronze_silver_gold.py took 0.155 seconds
[2026-09-18T07:16:54.256+0000] {processor.py:161} INFO - Started process (PID=2471) to work on /opt/airflow/dags/dag_qttg_bronze_silver_gold.py
[2026-09-18T07:16:54.260+0000] {processor.py:830} INFO - Processing file /opt/airflow/dags/dag_qttg_bronze_silver_gold.py for tasks to queue
[2026-09-18T07:16:54.265+0000] {logging_mixin.py:188} INFO - [2026-09-18T07:16:54.264+0000] {dagbag.py:538} INFO - Filling up the DagBag from /opt/airflow/dags/dag_qttg_bronze_silver_gold.py
[2026-09-18T07:16:54.320+0000] {processor.py:840} INFO - DAG(s) 'qttg_bronze_silver_gold' retrieved from /opt/airflow/dags/dag_qttg_bronze_silver_gold.py
[2026-09-18T07:16:54.365+0000] {logging_mixin.py:188} INFO - [2026-09-18T07:16:54.364+0000] {dag.py:3036} INFO - Sync 1 DAGs
[2026-09-18T07:16:54.388+0000] {logging_mixin.py:188} INFO - [2026-09-18T07:16:54.388+0000] {dag.py:3823} INFO - Setting next_dagrun for qttg_bronze_silver_gold to None, run_after=None
[2026-09-18T07:16:54.416+0000] {processor.py:183} INFO - Processing /opt/airflow/dags/dag_qttg_bronze_silver_gold.py took 0.166 seconds
[2026-09-18T07:17:24.583+0000] {processor.py:161} INFO - Started process (PID=2476) to work on /opt/airflow/dags/dag_qttg_bronze_silver_gold.py
[2026-09-18T07:17:24.586+0000] {processor.py:830} INFO - Processing file /opt/airflow/dags/dag_qttg_bronze_silver_gold.py for tasks to queue
[2026-09-18T07:17:24.588+0000] {logging_mixin.py:188} INFO - [2026-09-18T07:17:24.587+0000] {dagbag.py:538} INFO - Filling up the DagBag from /opt/airflow/dags/dag_qttg_bronze_silver_gold.py
[2026-09-18T07:17:24.635+0000] {processor.py:840} INFO - DAG(s) 'qttg_bronze_silver_gold' retrieved from /opt/airflow/dags/dag_qttg_bronze_silver_gold.py
[2026-09-18T07:17:24.677+0000] {logging_mixin.py:188} INFO - [2026-09-18T07:17:24.676+0000] {dag.py:3036} INFO - Sync 1 DAGs
[2026-09-18T07:17:24.691+0000] {logging_mixin.py:188} INFO - [2026-09-18T07:17:24.691+0000] {dag.py:3823} INFO - Setting next_dagrun for qttg_bronze_silver_gold to None, run_after=None
[2026-09-18T07:17:24.713+0000] {processor.py:183} INFO - Processing /opt/airflow/dags/dag_qttg_bronze_silver_gold.py took 0.134 seconds
[2026-09-18T07:31:37.019+0000] {processor.py:161} INFO - Started process (PID=168) to work on /opt/airflow/dags/dag_qttg_bronze_silver_gold.py
[2026-09-18T07:31:37.024+0000] {processor.py:830} INFO - Processing file /opt/airflow/dags/dag_qttg_bronze_silver_gold.py for tasks to queue
[2026-09-18T07:31:37.028+0000] {logging_mixin.py:188} INFO - [2026-09-18T07:31:37.028+0000] {dagbag.py:538} INFO - Filling up the DagBag from /opt/airflow/dags/dag_qttg_bronze_silver_gold.py
[2026-09-18T07:31:37.181+0000] {processor.py:840} INFO - DAG(s) 'qttg_bronze_silver_gold' retrieved from /opt/airflow/dags/dag_qttg_bronze_silver_gold.py
[2026-09-18T07:31:37.551+0000] {logging_mixin.py:188} INFO - [2026-09-18T07:31:37.551+0000] {dag.py:3036} INFO - Sync 1 DAGs
[2026-09-18T07:31:37.576+0000] {logging_mixin.py:188} INFO - [2026-09-18T07:31:37.575+0000] {dag.py:3823} INFO - Setting next_dagrun for qttg_bronze_silver_gold to None, run_after=None
[2026-09-18T07:31:37.630+0000] {processor.py:183} INFO - Processing /opt/airflow/dags/dag_qttg_bronze_silver_gold.py took 0.621 seconds
[2026-09-18T07:32:07.943+0000] {processor.py:161} INFO - Started process (PID=173) to work on /opt/airflow/dags/dag_qttg_bronze_silver_gold.py
[2026-09-18T07:32:07.946+0000] {processor.py:830} INFO - Processing file /opt/airflow/dags/dag_qttg_bronze_silver_gold.py for tasks to queue
[2026-09-18T07:32:07.949+0000] {logging_mixin.py:188} INFO - [2026-09-18T07:32:07.948+0000] {dagbag.py:538} INFO - Filling up the DagBag from /opt/airflow/dags/dag_qttg_bronze_silver_gold.py
[2026-09-18T07:32:07.999+0000] {processor.py:840} INFO - DAG(s) 'qttg_bronze_silver_gold' retrieved from /opt/airflow/dags/dag_qttg_bronze_silver_gold.py
[2026-09-18T07:32:08.041+0000] {logging_mixin.py:188} INFO - [2026-09-18T07:32:08.040+0000] {dag.py:3036} INFO - Sync 1 DAGs
[2026-09-18T07:32:08.054+0000] {logging_mixin.py:188} INFO - [2026-09-18T07:32:08.054+0000] {dag.py:3823} INFO - Setting next_dagrun for qttg_bronze_silver_gold to None, run_after=None
[2026-09-18T07:32:08.076+0000] {processor.py:183} INFO - Processing /opt/airflow/dags/dag_qttg_bronze_silver_gold.py took 0.138 seconds
[2026-09-18T07:32:38.201+0000] {processor.py:161} INFO - Started process (PID=178) to work on /opt/airflow/dags/dag_qttg_bronze_silver_gold.py
[2026-09-18T07:32:38.203+0000] {processor.py:830} INFO - Processing file /opt/airflow/dags/dag_qttg_bronze_silver_gold.py for tasks to queue
[2026-09-18T07:32:38.205+0000] {logging_mixin.py:188} INFO - [2026-09-18T07:32:38.204+0000] {dagbag.py:538} INFO - Filling up the DagBag from /opt/airflow/dags/dag_qttg_bronze_silver_gold.py
[2026-09-18T07:32:38.249+0000] {processor.py:840} INFO - DAG(s) 'qttg_bronze_silver_gold' retrieved from /opt/airflow/dags/dag_qttg_bronze_silver_gold.py
[2026-09-18T07:32:38.305+0000] {logging_mixin.py:188} INFO - [2026-09-18T07:32:38.304+0000] {dag.py:3036} INFO - Sync 1 DAGs
[2026-09-18T07:32:38.335+0000] {logging_mixin.py:188} INFO - [2026-09-18T07:32:38.335+0000] {dag.py:3823} INFO - Setting next_dagrun for qttg_bronze_silver_gold to None, run_after=None
[2026-09-18T07:32:38.370+0000] {processor.py:183} INFO - Processing /opt/airflow/dags/dag_qttg_bronze_silver_gold.py took 0.174 seconds
[2026-09-18T07:33:08.607+0000] {processor.py:161} INFO - Started process (PID=183) to work on /opt/airflow/dags/dag_qttg_bronze_silver_gold.py
[2026-09-18T07:33:08.609+0000] {processor.py:830} INFO - Processing file /opt/airflow/dags/dag_qttg_bronze_silver_gold.py for tasks to queue
[2026-09-18T07:33:08.611+0000] {logging_mixin.py:188} INFO - [2026-09-18T07:33:08.610+0000] {dagbag.py:538} INFO - Filling up the DagBag from /opt/airflow/dags/dag_qttg_bronze_silver_gold.py
[2026-09-18T07:33:08.648+0000] {processor.py:840} INFO - DAG(s) 'qttg_bronze_silver_gold' retrieved from /opt/airflow/dags/dag_qttg_bronze_silver_gold.py
[2026-09-18T07:33:08.681+0000] {logging_mixin.py:188} INFO - [2026-09-18T07:33:08.680+0000] {dag.py:3036} INFO - Sync 1 DAGs
[2026-09-18T07:33:08.696+0000] {logging_mixin.py:188} INFO - [2026-09-18T07:33:08.695+0000] {dag.py:3823} INFO - Setting next_dagrun for qttg_bronze_silver_gold to None, run_after=None
[2026-09-18T07:33:08.720+0000] {processor.py:183} INFO - Processing /opt/airflow/dags/dag_qttg_bronze_silver_gold.py took 0.116 seconds
[2026-09-18T07:33:38.898+0000] {processor.py:161} INFO - Started process (PID=188) to work on /opt/airflow/dags/dag_qttg_bronze_silver_gold.py
[2026-09-18T07:33:38.901+0000] {processor.py:830} INFO - Processing file /opt/airflow/dags/dag_qttg_bronze_silver_gold.py for tasks to queue
[2026-09-18T07:33:38.907+0000] {logging_mixin.py:188} INFO - [2026-09-18T07:33:38.905+0000] {dagbag.py:538} INFO - Filling up the DagBag from /opt/airflow/dags/dag_qttg_bronze_silver_gold.py
[2026-09-18T07:33:38.957+0000] {processor.py:840} INFO - DAG(s) 'qttg_bronze_silver_gold' retrieved from /opt/airflow/dags/dag_qttg_bronze_silver_gold.py
[2026-09-18T07:33:39.000+0000] {logging_mixin.py:188} INFO - [2026-09-18T07:33:39.000+0000] {dag.py:3036} INFO - Sync 1 DAGs
[2026-09-18T07:33:39.017+0000] {logging_mixin.py:188} INFO - [2026-09-18T07:33:39.017+0000] {dag.py:3823} INFO - Setting next_dagrun for qttg_bronze_silver_gold to None, run_after=None
[2026-09-18T07:33:39.040+0000] {processor.py:183} INFO - Processing /opt/airflow/dags/dag_qttg_bronze_silver_gold.py took 0.150 seconds
[2026-09-18T07:34:09.417+0000] {processor.py:161} INFO - Started process (PID=205) to work on /opt/airflow/dags/dag_qttg_bronze_silver_gold.py
[2026-09-18T07:34:09.423+0000] {processor.py:830} INFO - Processing file /opt/airflow/dags/dag_qttg_bronze_silver_gold.py for tasks to queue
[2026-09-18T07:34:09.428+0000] {logging_mixin.py:188} INFO - [2026-09-18T07:34:09.426+0000] {dagbag.py:538} INFO - Filling up the DagBag from /opt/airflow/dags/dag_qttg_bronze_silver_gold.py
[2026-09-18T07:34:09.526+0000] {processor.py:840} INFO - DAG(s) 'qttg_bronze_silver_gold' retrieved from /opt/airflow/dags/dag_qttg_bronze_silver_gold.py
[2026-09-18T07:34:09.687+0000] {logging_mixin.py:188} INFO - [2026-09-18T07:34:09.687+0000] {dag.py:3036} INFO - Sync 1 DAGs
[2026-09-18T07:34:09.746+0000] {logging_mixin.py:188} INFO - [2026-09-18T07:34:09.746+0000] {dag.py:3823} INFO - Setting next_dagrun for qttg_bronze_silver_gold to None, run_after=None
[2026-09-18T07:34:09.857+0000] {processor.py:183} INFO - Processing /opt/airflow/dags/dag_qttg_bronze_silver_gold.py took 0.461 seconds
[2026-09-18T07:34:40.211+0000] {processor.py:161} INFO - Started process (PID=222) to work on /opt/airflow/dags/dag_qttg_bronze_silver_gold.py
[2026-09-18T07:34:40.216+0000] {processor.py:830} INFO - Processing file /opt/airflow/dags/dag_qttg_bronze_silver_gold.py for tasks to queue
[2026-09-18T07:34:40.220+0000] {logging_mixin.py:188} INFO - [2026-09-18T07:34:40.219+0000] {dagbag.py:538} INFO - Filling up the DagBag from /opt/airflow/dags/dag_qttg_bronze_silver_gold.py
[2026-09-18T07:34:40.276+0000] {processor.py:840} INFO - DAG(s) 'qttg_bronze_silver_gold' retrieved from /opt/airflow/dags/dag_qttg_bronze_silver_gold.py
[2026-09-18T07:34:40.351+0000] {logging_mixin.py:188} INFO - [2026-09-18T07:34:40.351+0000] {dag.py:3036} INFO - Sync 1 DAGs
[2026-09-18T07:34:40.377+0000] {logging_mixin.py:188} INFO - [2026-09-18T07:34:40.377+0000] {dag.py:3823} INFO - Setting next_dagrun for qttg_bronze_silver_gold to None, run_after=None
[2026-09-18T07:34:40.418+0000] {processor.py:183} INFO - Processing /opt/airflow/dags/dag_qttg_bronze_silver_gold.py took 0.220 seconds
[2026-09-18T07:35:10.525+0000] {processor.py:161} INFO - Started process (PID=227) to work on /opt/airflow/dags/dag_qttg_bronze_silver_gold.py
[2026-09-18T07:35:10.528+0000] {processor.py:830} INFO - Processing file /opt/airflow/dags/dag_qttg_bronze_silver_gold.py for tasks to queue
[2026-09-18T07:35:10.532+0000] {logging_mixin.py:188} INFO - [2026-09-18T07:35:10.531+0000] {dagbag.py:538} INFO - Filling up the DagBag from /opt/airflow/dags/dag_qttg_bronze_silver_gold.py
[2026-09-18T07:35:10.589+0000] {processor.py:840} INFO - DAG(s) 'qttg_bronze_silver_gold' retrieved from /opt/airflow/dags/dag_qttg_bronze_silver_gold.py
[2026-09-18T07:35:10.665+0000] {logging_mixin.py:188} INFO - [2026-09-18T07:35:10.664+0000] {dag.py:3036} INFO - Sync 1 DAGs
[2026-09-18T07:35:10.692+0000] {logging_mixin.py:188} INFO - [2026-09-18T07:35:10.692+0000] {dag.py:3823} INFO - Setting next_dagrun for qttg_bronze_silver_gold to None, run_after=None
[2026-09-18T07:35:10.747+0000] {processor.py:183} INFO - Processing /opt/airflow/dags/dag_qttg_bronze_silver_gold.py took 0.231 seconds
[2026-09-18T07:35:41.050+0000] {processor.py:161} INFO - Started process (PID=244) to work on /opt/airflow/dags/dag_qttg_bronze_silver_gold.py
[2026-09-18T07:35:41.053+0000] {processor.py:830} INFO - Processing file /opt/airflow/dags/dag_qttg_bronze_silver_gold.py for tasks to queue
[2026-09-18T07:35:41.056+0000] {logging_mixin.py:188} INFO - [2026-09-18T07:35:41.055+0000] {dagbag.py:538} INFO - Filling up the DagBag from /opt/airflow/dags/dag_qttg_bronze_silver_gold.py
[2026-09-18T07:35:41.120+0000] {processor.py:840} INFO - DAG(s) 'qttg_bronze_silver_gold' retrieved from /opt/airflow/dags/dag_qttg_bronze_silver_gold.py
[2026-09-18T07:35:41.179+0000] {logging_mixin.py:188} INFO - [2026-09-18T07:35:41.179+0000] {dag.py:3036} INFO - Sync 1 DAGs
[2026-09-18T07:35:41.231+0000] {logging_mixin.py:188} INFO - [2026-09-18T07:35:41.230+0000] {dag.py:3823} INFO - Setting next_dagrun for qttg_bronze_silver_gold to None, run_after=None
[2026-09-18T07:35:41.291+0000] {processor.py:183} INFO - Processing /opt/airflow/dags/dag_qttg_bronze_silver_gold.py took 0.245 seconds
[2026-09-18T07:36:11.599+0000] {processor.py:161} INFO - Started process (PID=261) to work on /opt/airflow/dags/dag_qttg_bronze_silver_gold.py
[2026-09-18T07:36:11.601+0000] {processor.py:830} INFO - Processing file /opt/airflow/dags/dag_qttg_bronze_silver_gold.py for tasks to queue
[2026-09-18T07:36:11.604+0000] {logging_mixin.py:188} INFO - [2026-09-18T07:36:11.603+0000] {dagbag.py:538} INFO - Filling up the DagBag from /opt/airflow/dags/dag_qttg_bronze_silver_gold.py
[2026-09-18T07:36:11.642+0000] {processor.py:840} INFO - DAG(s) 'qttg_bronze_silver_gold' retrieved from /opt/airflow/dags/dag_qttg_bronze_silver_gold.py
[2026-09-18T07:36:11.681+0000] {logging_mixin.py:188} INFO - [2026-09-18T07:36:11.680+0000] {dag.py:3036} INFO - Sync 1 DAGs
[2026-09-18T07:36:11.699+0000] {logging_mixin.py:188} INFO - [2026-09-18T07:36:11.699+0000] {dag.py:3823} INFO - Setting next_dagrun for qttg_bronze_silver_gold to None, run_after=None
[2026-09-18T07:36:11.728+0000] {processor.py:183} INFO - Processing /opt/airflow/dags/dag_qttg_bronze_silver_gold.py took 0.134 seconds
[2026-09-18T07:36:41.952+0000] {processor.py:161} INFO - Started process (PID=266) to work on /opt/airflow/dags/dag_qttg_bronze_silver_gold.py
[2026-09-18T07:36:41.959+0000] {processor.py:830} INFO - Processing file /opt/airflow/dags/dag_qttg_bronze_silver_gold.py for tasks to queue
[2026-09-18T07:36:41.962+0000] {logging_mixin.py:188} INFO - [2026-09-18T07:36:41.961+0000] {dagbag.py:538} INFO - Filling up the DagBag from /opt/airflow/dags/dag_qttg_bronze_silver_gold.py
[2026-09-18T07:36:42.012+0000] {processor.py:840} INFO - DAG(s) 'qttg_bronze_silver_gold' retrieved from /opt/airflow/dags/dag_qttg_bronze_silver_gold.py
[2026-09-18T07:36:42.061+0000] {logging_mixin.py:188} INFO - [2026-09-18T07:36:42.060+0000] {dag.py:3036} INFO - Sync 1 DAGs
[2026-09-18T07:36:42.083+0000] {logging_mixin.py:188} INFO - [2026-09-18T07:36:42.082+0000] {dag.py:3823} INFO - Setting next_dagrun for qttg_bronze_silver_gold to None, run_after=None
[2026-09-18T07:36:42.125+0000] {processor.py:183} INFO - Processing /opt/airflow/dags/dag_qttg_bronze_silver_gold.py took 0.183 seconds
[2026-09-18T07:37:12.261+0000] {processor.py:161} INFO - Started process (PID=271) to work on /opt/airflow/dags/dag_qttg_bronze_silver_gold.py
[2026-09-18T07:37:12.265+0000] {processor.py:830} INFO - Processing file /opt/airflow/dags/dag_qttg_bronze_silver_gold.py for tasks to queue
[2026-09-18T07:37:12.271+0000] {logging_mixin.py:188} INFO - [2026-09-18T07:37:12.269+0000] {dagbag.py:538} INFO - Filling up the DagBag from /opt/airflow/dags/dag_qttg_bronze_silver_gold.py
[2026-09-18T07:37:12.323+0000] {processor.py:840} INFO - DAG(s) 'qttg_bronze_silver_gold' retrieved from /opt/airflow/dags/dag_qttg_bronze_silver_gold.py
[2026-09-18T07:37:12.369+0000] {logging_mixin.py:188} INFO - [2026-09-18T07:37:12.369+0000] {dag.py:3036} INFO - Sync 1 DAGs
[2026-09-18T07:37:12.390+0000] {logging_mixin.py:188} INFO - [2026-09-18T07:37:12.390+0000] {dag.py:3823} INFO - Setting next_dagrun for qttg_bronze_silver_gold to None, run_after=None
[2026-09-18T07:37:12.428+0000] {processor.py:183} INFO - Processing /opt/airflow/dags/dag_qttg_bronze_silver_gold.py took 0.174 seconds
[2026-09-18T07:37:42.737+0000] {processor.py:161} INFO - Started process (PID=276) to work on /opt/airflow/dags/dag_qttg_bronze_silver_gold.py
[2026-09-18T07:37:42.741+0000] {processor.py:830} INFO - Processing file /opt/airflow/dags/dag_qttg_bronze_silver_gold.py for tasks to queue
[2026-09-18T07:37:42.745+0000] {logging_mixin.py:188} INFO - [2026-09-18T07:37:42.744+0000] {dagbag.py:538} INFO - Filling up the DagBag from /opt/airflow/dags/dag_qttg_bronze_silver_gold.py
[2026-09-18T07:37:42.787+0000] {processor.py:840} INFO - DAG(s) 'qttg_bronze_silver_gold' retrieved from /opt/airflow/dags/dag_qttg_bronze_silver_gold.py
[2026-09-18T07:37:42.844+0000] {logging_mixin.py:188} INFO - [2026-09-18T07:37:42.844+0000] {dag.py:3036} INFO - Sync 1 DAGs
[2026-09-18T07:37:42.882+0000] {logging_mixin.py:188} INFO - [2026-09-18T07:37:42.882+0000] {dag.py:3823} INFO - Setting next_dagrun for qttg_bronze_silver_gold to None, run_after=None
[2026-09-18T07:37:42.921+0000] {processor.py:183} INFO - Processing /opt/airflow/dags/dag_qttg_bronze_silver_gold.py took 0.189 seconds
[2026-09-18T07:38:13.090+0000] {processor.py:161} INFO - Started process (PID=281) to work on /opt/airflow/dags/dag_qttg_bronze_silver_gold.py
[2026-09-18T07:38:13.094+0000] {processor.py:830} INFO - Processing file /opt/airflow/dags/dag_qttg_bronze_silver_gold.py for tasks to queue
[2026-09-18T07:38:13.097+0000] {logging_mixin.py:188} INFO - [2026-09-18T07:38:13.097+0000] {dagbag.py:538} INFO - Filling up the DagBag from /opt/airflow/dags/dag_qttg_bronze_silver_gold.py
[2026-09-18T07:38:13.162+0000] {processor.py:840} INFO - DAG(s) 'qttg_bronze_silver_gold' retrieved from /opt/airflow/dags/dag_qttg_bronze_silver_gold.py
[2026-09-18T07:38:13.233+0000] {logging_mixin.py:188} INFO - [2026-09-18T07:38:13.232+0000] {dag.py:3036} INFO - Sync 1 DAGs
[2026-09-18T07:38:13.262+0000] {logging_mixin.py:188} INFO - [2026-09-18T07:38:13.262+0000] {dag.py:3823} INFO - Setting next_dagrun for qttg_bronze_silver_gold to None, run_after=None
[2026-09-18T07:38:13.327+0000] {processor.py:183} INFO - Processing /opt/airflow/dags/dag_qttg_bronze_silver_gold.py took 0.244 seconds
[2026-09-18T07:38:43.545+0000] {processor.py:161} INFO - Started process (PID=286) to work on /opt/airflow/dags/dag_qttg_bronze_silver_gold.py
[2026-09-18T07:38:43.548+0000] {processor.py:830} INFO - Processing file /opt/airflow/dags/dag_qttg_bronze_silver_gold.py for tasks to queue
[2026-09-18T07:38:43.554+0000] {logging_mixin.py:188} INFO - [2026-09-18T07:38:43.554+0000] {dagbag.py:538} INFO - Filling up the DagBag from /opt/airflow/dags/dag_qttg_bronze_silver_gold.py
[2026-09-18T07:38:43.597+0000] {processor.py:840} INFO - DAG(s) 'qttg_bronze_silver_gold' retrieved from /opt/airflow/dags/dag_qttg_bronze_silver_gold.py
[2026-09-18T07:38:43.638+0000] {logging_mixin.py:188} INFO - [2026-09-18T07:38:43.638+0000] {dag.py:3036} INFO - Sync 1 DAGs
[2026-09-18T07:38:43.657+0000] {logging_mixin.py:188} INFO - [2026-09-18T07:38:43.656+0000] {dag.py:3823} INFO - Setting next_dagrun for qttg_bronze_silver_gold to None, run_after=None
[2026-09-18T07:38:43.709+0000] {processor.py:183} INFO - Processing /opt/airflow/dags/dag_qttg_bronze_silver_gold.py took 0.168 seconds
[2026-09-18T07:39:13.981+0000] {processor.py:161} INFO - Started process (PID=291) to work on /opt/airflow/dags/dag_qttg_bronze_silver_gold.py
[2026-09-18T07:39:13.983+0000] {processor.py:830} INFO - Processing file /opt/airflow/dags/dag_qttg_bronze_silver_gold.py for tasks to queue
[2026-09-18T07:39:13.987+0000] {logging_mixin.py:188} INFO - [2026-09-18T07:39:13.987+0000] {dagbag.py:538} INFO - Filling up the DagBag from /opt/airflow/dags/dag_qttg_bronze_silver_gold.py
[2026-09-18T07:39:14.039+0000] {processor.py:840} INFO - DAG(s) 'qttg_bronze_silver_gold' retrieved from /opt/airflow/dags/dag_qttg_bronze_silver_gold.py
[2026-09-18T07:39:14.091+0000] {logging_mixin.py:188} INFO - [2026-09-18T07:39:14.090+0000] {dag.py:3036} INFO - Sync 1 DAGs
[2026-09-18T07:39:14.114+0000] {logging_mixin.py:188} INFO - [2026-09-18T07:39:14.114+0000] {dag.py:3823} INFO - Setting next_dagrun for qttg_bronze_silver_gold to None, run_after=None
[2026-09-18T07:39:14.164+0000] {processor.py:183} INFO - Processing /opt/airflow/dags/dag_qttg_bronze_silver_gold.py took 0.186 seconds
[2026-09-18T07:39:44.369+0000] {processor.py:161} INFO - Started process (PID=296) to work on /opt/airflow/dags/dag_qttg_bronze_silver_gold.py
[2026-09-18T07:39:44.371+0000] {processor.py:830} INFO - Processing file /opt/airflow/dags/dag_qttg_bronze_silver_gold.py for tasks to queue
[2026-09-18T07:39:44.373+0000] {logging_mixin.py:188} INFO - [2026-09-18T07:39:44.372+0000] {dagbag.py:538} INFO - Filling up the DagBag from /opt/airflow/dags/dag_qttg_bronze_silver_gold.py
[2026-09-18T07:39:44.403+0000] {processor.py:840} INFO - DAG(s) 'qttg_bronze_silver_gold' retrieved from /opt/airflow/dags/dag_qttg_bronze_silver_gold.py
[2026-09-18T07:39:44.438+0000] {logging_mixin.py:188} INFO - [2026-09-18T07:39:44.438+0000] {dag.py:3036} INFO - Sync 1 DAGs
[2026-09-18T07:39:44.454+0000] {logging_mixin.py:188} INFO - [2026-09-18T07:39:44.454+0000] {dag.py:3823} INFO - Setting next_dagrun for qttg_bronze_silver_gold to None, run_after=None
[2026-09-18T07:39:44.490+0000] {processor.py:183} INFO - Processing /opt/airflow/dags/dag_qttg_bronze_silver_gold.py took 0.126 seconds
[2026-09-18T07:40:14.878+0000] {processor.py:161} INFO - Started process (PID=301) to work on /opt/airflow/dags/dag_qttg_bronze_silver_gold.py
[2026-09-18T07:40:14.879+0000] {processor.py:830} INFO - Processing file /opt/airflow/dags/dag_qttg_bronze_silver_gold.py for tasks to queue
[2026-09-18T07:40:14.881+0000] {logging_mixin.py:188} INFO - [2026-09-18T07:40:14.880+0000] {dagbag.py:538} INFO - Filling up the DagBag from /opt/airflow/dags/dag_qttg_bronze_silver_gold.py
[2026-09-18T07:40:14.915+0000] {processor.py:840} INFO - DAG(s) 'qttg_bronze_silver_gold' retrieved from /opt/airflow/dags/dag_qttg_bronze_silver_gold.py
[2026-09-18T07:40:14.949+0000] {logging_mixin.py:188} INFO - [2026-09-18T07:40:14.949+0000] {dag.py:3036} INFO - Sync 1 DAGs
[2026-09-18T07:40:14.964+0000] {logging_mixin.py:188} INFO - [2026-09-18T07:40:14.964+0000] {dag.py:3823} INFO - Setting next_dagrun for qttg_bronze_silver_gold to None, run_after=None
[2026-09-18T07:40:14.999+0000] {processor.py:183} INFO - Processing /opt/airflow/dags/dag_qttg_bronze_silver_gold.py took 0.124 seconds
[2026-09-18T07:40:45.251+0000] {processor.py:161} INFO - Started process (PID=306) to work on /opt/airflow/dags/dag_qttg_bronze_silver_gold.py
[2026-09-18T07:40:45.255+0000] {processor.py:830} INFO - Processing file /opt/airflow/dags/dag_qttg_bronze_silver_gold.py for tasks to queue
[2026-09-18T07:40:45.259+0000] {logging_mixin.py:188} INFO - [2026-09-18T07:40:45.259+0000] {dagbag.py:538} INFO - Filling up the DagBag from /opt/airflow/dags/dag_qttg_bronze_silver_gold.py
[2026-09-18T07:40:45.337+0000] {processor.py:840} INFO - DAG(s) 'qttg_bronze_silver_gold' retrieved from /opt/airflow/dags/dag_qttg_bronze_silver_gold.py
[2026-09-18T07:40:45.372+0000] {logging_mixin.py:188} INFO - [2026-09-18T07:40:45.372+0000] {dag.py:3036} INFO - Sync 1 DAGs
[2026-09-18T07:40:45.390+0000] {logging_mixin.py:188} INFO - [2026-09-18T07:40:45.389+0000] {dag.py:3823} INFO - Setting next_dagrun for qttg_bronze_silver_gold to None, run_after=None
[2026-09-18T07:40:45.424+0000] {processor.py:183} INFO - Processing /opt/airflow/dags/dag_qttg_bronze_silver_gold.py took 0.179 seconds
[2026-09-18T07:41:15.665+0000] {processor.py:161} INFO - Started process (PID=311) to work on /opt/airflow/dags/dag_qttg_bronze_silver_gold.py
[2026-09-18T07:41:15.668+0000] {processor.py:830} INFO - Processing file /opt/airflow/dags/dag_qttg_bronze_silver_gold.py for tasks to queue
[2026-09-18T07:41:15.670+0000] {logging_mixin.py:188} INFO - [2026-09-18T07:41:15.670+0000] {dagbag.py:538} INFO - Filling up the DagBag from /opt/airflow/dags/dag_qttg_bronze_silver_gold.py
[2026-09-18T07:41:15.706+0000] {processor.py:840} INFO - DAG(s) 'qttg_bronze_silver_gold' retrieved from /opt/airflow/dags/dag_qttg_bronze_silver_gold.py
[2026-09-18T07:41:15.739+0000] {logging_mixin.py:188} INFO - [2026-09-18T07:41:15.739+0000] {dag.py:3036} INFO - Sync 1 DAGs
[2026-09-18T07:41:15.756+0000] {logging_mixin.py:188} INFO - [2026-09-18T07:41:15.756+0000] {dag.py:3823} INFO - Setting next_dagrun for qttg_bronze_silver_gold to None, run_after=None
[2026-09-18T07:41:15.782+0000] {processor.py:183} INFO - Processing /opt/airflow/dags/dag_qttg_bronze_silver_gold.py took 0.124 seconds
[2026-09-18T07:41:46.232+0000] {processor.py:161} INFO - Started process (PID=316) to work on /opt/airflow/dags/dag_qttg_bronze_silver_gold.py
[2026-09-18T07:41:46.234+0000] {processor.py:830} INFO - Processing file /opt/airflow/dags/dag_qttg_bronze_silver_gold.py for tasks to queue
[2026-09-18T07:41:46.240+0000] {logging_mixin.py:188} INFO - [2026-09-18T07:41:46.240+0000] {dagbag.py:538} INFO - Filling up the DagBag from /opt/airflow/dags/dag_qttg_bronze_silver_gold.py
[2026-09-18T07:41:46.280+0000] {processor.py:840} INFO - DAG(s) 'qttg_bronze_silver_gold' retrieved from /opt/airflow/dags/dag_qttg_bronze_silver_gold.py
[2026-09-18T07:41:46.320+0000] {logging_mixin.py:188} INFO - [2026-09-18T07:41:46.320+0000] {dag.py:3036} INFO - Sync 1 DAGs
[2026-09-18T07:41:46.336+0000] {logging_mixin.py:188} INFO - [2026-09-18T07:41:46.335+0000] {dag.py:3823} INFO - Setting next_dagrun for qttg_bronze_silver_gold to None, run_after=None
[2026-09-18T07:41:46.371+0000] {processor.py:183} INFO - Processing /opt/airflow/dags/dag_qttg_bronze_silver_gold.py took 0.142 seconds
[2026-09-18T07:42:16.478+0000] {processor.py:161} INFO - Started process (PID=321) to work on /opt/airflow/dags/dag_qttg_bronze_silver_gold.py
[2026-09-18T07:42:16.480+0000] {processor.py:830} INFO - Processing file /opt/airflow/dags/dag_qttg_bronze_silver_gold.py for tasks to queue
[2026-09-18T07:42:16.487+0000] {logging_mixin.py:188} INFO - [2026-09-18T07:42:16.487+0000] {dagbag.py:538} INFO - Filling up the DagBag from /opt/airflow/dags/dag_qttg_bronze_silver_gold.py
[2026-09-18T07:42:16.538+0000] {processor.py:840} INFO - DAG(s) 'qttg_bronze_silver_gold' retrieved from /opt/airflow/dags/dag_qttg_bronze_silver_gold.py
[2026-09-18T07:42:16.589+0000] {logging_mixin.py:188} INFO - [2026-09-18T07:42:16.589+0000] {dag.py:3036} INFO - Sync 1 DAGs
[2026-09-18T07:42:16.612+0000] {logging_mixin.py:188} INFO - [2026-09-18T07:42:16.612+0000] {dag.py:3823} INFO - Setting next_dagrun for qttg_bronze_silver_gold to None, run_after=None
[2026-09-18T07:42:16.650+0000] {processor.py:183} INFO - Processing /opt/airflow/dags/dag_qttg_bronze_silver_gold.py took 0.177 seconds
[2026-09-18T07:42:46.885+0000] {processor.py:161} INFO - Started process (PID=326) to work on /opt/airflow/dags/dag_qttg_bronze_silver_gold.py
[2026-09-18T07:42:46.888+0000] {processor.py:830} INFO - Processing file /opt/airflow/dags/dag_qttg_bronze_silver_gold.py for tasks to queue
[2026-09-18T07:42:46.895+0000] {logging_mixin.py:188} INFO - [2026-09-18T07:42:46.895+0000] {dagbag.py:538} INFO - Filling up the DagBag from /opt/airflow/dags/dag_qttg_bronze_silver_gold.py
[2026-09-18T07:42:46.946+0000] {processor.py:840} INFO - DAG(s) 'qttg_bronze_silver_gold' retrieved from /opt/airflow/dags/dag_qttg_bronze_silver_gold.py
[2026-09-18T07:42:46.990+0000] {logging_mixin.py:188} INFO - [2026-09-18T07:42:46.989+0000] {dag.py:3036} INFO - Sync 1 DAGs
[2026-09-18T07:42:47.004+0000] {logging_mixin.py:188} INFO - [2026-09-18T07:42:47.004+0000] {dag.py:3823} INFO - Setting next_dagrun for qttg_bronze_silver_gold to None, run_after=None
[2026-09-18T07:42:47.032+0000] {processor.py:183} INFO - Processing /opt/airflow/dags/dag_qttg_bronze_silver_gold.py took 0.153 seconds
[2026-09-18T07:43:17.331+0000] {processor.py:161} INFO - Started process (PID=331) to work on /opt/airflow/dags/dag_qttg_bronze_silver_gold.py
[2026-09-18T07:43:17.335+0000] {processor.py:830} INFO - Processing file /opt/airflow/dags/dag_qttg_bronze_silver_gold.py for tasks to queue
[2026-09-18T07:43:17.337+0000] {logging_mixin.py:188} INFO - [2026-09-18T07:43:17.337+0000] {dagbag.py:538} INFO - Filling up the DagBag from /opt/airflow/dags/dag_qttg_bronze_silver_gold.py
[2026-09-18T07:43:17.380+0000] {processor.py:840} INFO - DAG(s) 'qttg_bronze_silver_gold' retrieved from /opt/airflow/dags/dag_qttg_bronze_silver_gold.py
[2026-09-18T07:43:17.417+0000] {logging_mixin.py:188} INFO - [2026-09-18T07:43:17.417+0000] {dag.py:3036} INFO - Sync 1 DAGs
[2026-09-18T07:43:17.434+0000] {logging_mixin.py:188} INFO - [2026-09-18T07:43:17.434+0000] {dag.py:3823} INFO - Setting next_dagrun for qttg_bronze_silver_gold to None, run_after=None
[2026-09-18T07:43:17.462+0000] {processor.py:183} INFO - Processing /opt/airflow/dags/dag_qttg_bronze_silver_gold.py took 0.140 seconds
[2026-09-18T07:43:47.703+0000] {processor.py:161} INFO - Started process (PID=336) to work on /opt/airflow/dags/dag_qttg_bronze_silver_gold.py
[2026-09-18T07:43:47.705+0000] {processor.py:830} INFO - Processing file /opt/airflow/dags/dag_qttg_bronze_silver_gold.py for tasks to queue
[2026-09-18T07:43:47.706+0000] {logging_mixin.py:188} INFO - [2026-09-18T07:43:47.706+0000] {dagbag.py:538} INFO - Filling up the DagBag from /opt/airflow/dags/dag_qttg_bronze_silver_gold.py
[2026-09-18T07:43:47.729+0000] {processor.py:840} INFO - DAG(s) 'qttg_bronze_silver_gold' retrieved from /opt/airflow/dags/dag_qttg_bronze_silver_gold.py
[2026-09-18T07:43:47.767+0000] {logging_mixin.py:188} INFO - [2026-09-18T07:43:47.767+0000] {dag.py:3036} INFO - Sync 1 DAGs
[2026-09-18T07:43:47.783+0000] {logging_mixin.py:188} INFO - [2026-09-18T07:43:47.782+0000] {dag.py:3823} INFO - Setting next_dagrun for qttg_bronze_silver_gold to None, run_after=None
[2026-09-18T07:43:47.814+0000] {processor.py:183} INFO - Processing /opt/airflow/dags/dag_qttg_bronze_silver_gold.py took 0.115 seconds
[2026-09-18T07:44:18.078+0000] {processor.py:161} INFO - Started process (PID=341) to work on /opt/airflow/dags/dag_qttg_bronze_silver_gold.py
[2026-09-18T07:44:18.080+0000] {processor.py:830} INFO - Processing file /opt/airflow/dags/dag_qttg_bronze_silver_gold.py for tasks to queue
[2026-09-18T07:44:18.087+0000] {logging_mixin.py:188} INFO - [2026-09-18T07:44:18.086+0000] {dagbag.py:538} INFO - Filling up the DagBag from /opt/airflow/dags/dag_qttg_bronze_silver_gold.py
[2026-09-18T07:44:18.132+0000] {processor.py:840} INFO - DAG(s) 'qttg_bronze_silver_gold' retrieved from /opt/airflow/dags/dag_qttg_bronze_silver_gold.py
[2026-09-18T07:44:18.170+0000] {logging_mixin.py:188} INFO - [2026-09-18T07:44:18.170+0000] {dag.py:3036} INFO - Sync 1 DAGs
[2026-09-18T07:44:18.184+0000] {logging_mixin.py:188} INFO - [2026-09-18T07:44:18.184+0000] {dag.py:3823} INFO - Setting next_dagrun for qttg_bronze_silver_gold to None, run_after=None
[2026-09-18T07:44:18.212+0000] {processor.py:183} INFO - Processing /opt/airflow/dags/dag_qttg_bronze_silver_gold.py took 0.139 seconds
[2026-09-18T07:44:48.451+0000] {processor.py:161} INFO - Started process (PID=346) to work on /opt/airflow/dags/dag_qttg_bronze_silver_gold.py
[2026-09-18T07:44:48.455+0000] {processor.py:830} INFO - Processing file /opt/airflow/dags/dag_qttg_bronze_silver_gold.py for tasks to queue
[2026-09-18T07:44:48.460+0000] {logging_mixin.py:188} INFO - [2026-09-18T07:44:48.459+0000] {dagbag.py:538} INFO - Filling up the DagBag from /opt/airflow/dags/dag_qttg_bronze_silver_gold.py
[2026-09-18T07:44:48.513+0000] {processor.py:840} INFO - DAG(s) 'qttg_bronze_silver_gold' retrieved from /opt/airflow/dags/dag_qttg_bronze_silver_gold.py
[2026-09-18T07:44:48.571+0000] {logging_mixin.py:188} INFO - [2026-09-18T07:44:48.571+0000] {dag.py:3036} INFO - Sync 1 DAGs
[2026-09-18T07:44:48.590+0000] {logging_mixin.py:188} INFO - [2026-09-18T07:44:48.590+0000] {dag.py:3823} INFO - Setting next_dagrun for qttg_bronze_silver_gold to None, run_after=None
[2026-09-18T07:44:48.631+0000] {processor.py:183} INFO - Processing /opt/airflow/dags/dag_qttg_bronze_silver_gold.py took 0.184 seconds
[2026-09-18T07:45:18.879+0000] {processor.py:161} INFO - Started process (PID=351) to work on /opt/airflow/dags/dag_qttg_bronze_silver_gold.py
[2026-09-18T07:45:18.883+0000] {processor.py:830} INFO - Processing file /opt/airflow/dags/dag_qttg_bronze_silver_gold.py for tasks to queue
[2026-09-18T07:45:18.886+0000] {logging_mixin.py:188} INFO - [2026-09-18T07:45:18.886+0000] {dagbag.py:538} INFO - Filling up the DagBag from /opt/airflow/dags/dag_qttg_bronze_silver_gold.py
[2026-09-18T07:45:18.951+0000] {processor.py:840} INFO - DAG(s) 'qttg_bronze_silver_gold' retrieved from /opt/airflow/dags/dag_qttg_bronze_silver_gold.py
[2026-09-18T07:45:18.993+0000] {logging_mixin.py:188} INFO - [2026-09-18T07:45:18.992+0000] {dag.py:3036} INFO - Sync 1 DAGs
[2026-09-18T07:45:19.008+0000] {logging_mixin.py:188} INFO - [2026-09-18T07:45:19.008+0000] {dag.py:3823} INFO - Setting next_dagrun for qttg_bronze_silver_gold to None, run_after=None
[2026-09-18T07:45:19.053+0000] {processor.py:183} INFO - Processing /opt/airflow/dags/dag_qttg_bronze_silver_gold.py took 0.180 seconds
[2026-09-18T07:45:49.247+0000] {processor.py:161} INFO - Started process (PID=356) to work on /opt/airflow/dags/dag_qttg_bronze_silver_gold.py
[2026-09-18T07:45:49.250+0000] {processor.py:830} INFO - Processing file /opt/airflow/dags/dag_qttg_bronze_silver_gold.py for tasks to queue
[2026-09-18T07:45:49.253+0000] {logging_mixin.py:188} INFO - [2026-09-18T07:45:49.253+0000] {dagbag.py:538} INFO - Filling up the DagBag from /opt/airflow/dags/dag_qttg_bronze_silver_gold.py
[2026-09-18T07:45:49.316+0000] {processor.py:840} INFO - DAG(s) 'qttg_bronze_silver_gold' retrieved from /opt/airflow/dags/dag_qttg_bronze_silver_gold.py
[2026-09-18T07:45:49.366+0000] {logging_mixin.py:188} INFO - [2026-09-18T07:45:49.366+0000] {dag.py:3036} INFO - Sync 1 DAGs
[2026-09-18T07:45:49.385+0000] {logging_mixin.py:188} INFO - [2026-09-18T07:45:49.385+0000] {dag.py:3823} INFO - Setting next_dagrun for qttg_bronze_silver_gold to None, run_after=None
[2026-09-18T07:45:49.427+0000] {processor.py:183} INFO - Processing /opt/airflow/dags/dag_qttg_bronze_silver_gold.py took 0.187 seconds
[2026-09-18T07:46:19.696+0000] {processor.py:161} INFO - Started process (PID=361) to work on /opt/airflow/dags/dag_qttg_bronze_silver_gold.py
[2026-09-18T07:46:19.699+0000] {processor.py:830} INFO - Processing file /opt/airflow/dags/dag_qttg_bronze_silver_gold.py for tasks to queue
[2026-09-18T07:46:19.704+0000] {logging_mixin.py:188} INFO - [2026-09-18T07:46:19.703+0000] {dagbag.py:538} INFO - Filling up the DagBag from /opt/airflow/dags/dag_qttg_bronze_silver_gold.py
[2026-09-18T07:46:19.748+0000] {processor.py:840} INFO - DAG(s) 'qttg_bronze_silver_gold' retrieved from /opt/airflow/dags/dag_qttg_bronze_silver_gold.py
[2026-09-18T07:46:19.783+0000] {logging_mixin.py:188} INFO - [2026-09-18T07:46:19.783+0000] {dag.py:3036} INFO - Sync 1 DAGs
[2026-09-18T07:46:19.798+0000] {logging_mixin.py:188} INFO - [2026-09-18T07:46:19.798+0000] {dag.py:3823} INFO - Setting next_dagrun for qttg_bronze_silver_gold to None, run_after=None
[2026-09-18T07:46:19.825+0000] {processor.py:183} INFO - Processing /opt/airflow/dags/dag_qttg_bronze_silver_gold.py took 0.132 seconds
[2026-09-18T07:46:50.085+0000] {processor.py:161} INFO - Started process (PID=366) to work on /opt/airflow/dags/dag_qttg_bronze_silver_gold.py
[2026-09-18T07:46:50.088+0000] {processor.py:830} INFO - Processing file /opt/airflow/dags/dag_qttg_bronze_silver_gold.py for tasks to queue
[2026-09-18T07:46:50.092+0000] {logging_mixin.py:188} INFO - [2026-09-18T07:46:50.091+0000] {dagbag.py:538} INFO - Filling up the DagBag from /opt/airflow/dags/dag_qttg_bronze_silver_gold.py
[2026-09-18T07:46:50.141+0000] {processor.py:840} INFO - DAG(s) 'qttg_bronze_silver_gold' retrieved from /opt/airflow/dags/dag_qttg_bronze_silver_gold.py
[2026-09-18T07:46:50.192+0000] {logging_mixin.py:188} INFO - [2026-09-18T07:46:50.192+0000] {dag.py:3036} INFO - Sync 1 DAGs
[2026-09-18T07:46:50.220+0000] {logging_mixin.py:188} INFO - [2026-09-18T07:46:50.220+0000] {dag.py:3823} INFO - Setting next_dagrun for qttg_bronze_silver_gold to None, run_after=None
[2026-09-18T07:46:50.255+0000] {processor.py:183} INFO - Processing /opt/airflow/dags/dag_qttg_bronze_silver_gold.py took 0.175 seconds
[2026-09-18T07:47:20.541+0000] {processor.py:161} INFO - Started process (PID=371) to work on /opt/airflow/dags/dag_qttg_bronze_silver_gold.py
[2026-09-18T07:47:20.546+0000] {processor.py:830} INFO - Processing file /opt/airflow/dags/dag_qttg_bronze_silver_gold.py for tasks to queue
[2026-09-18T07:47:20.549+0000] {logging_mixin.py:188} INFO - [2026-09-18T07:47:20.548+0000] {dagbag.py:538} INFO - Filling up the DagBag from /opt/airflow/dags/dag_qttg_bronze_silver_gold.py
[2026-09-18T07:47:20.603+0000] {processor.py:840} INFO - DAG(s) 'qttg_bronze_silver_gold' retrieved from /opt/airflow/dags/dag_qttg_bronze_silver_gold.py
[2026-09-18T07:47:20.662+0000] {logging_mixin.py:188} INFO - [2026-09-18T07:47:20.662+0000] {dag.py:3036} INFO - Sync 1 DAGs
[2026-09-18T07:47:20.686+0000] {logging_mixin.py:188} INFO - [2026-09-18T07:47:20.685+0000] {dag.py:3823} INFO - Setting next_dagrun for qttg_bronze_silver_gold to None, run_after=None
[2026-09-18T07:47:20.730+0000] {processor.py:183} INFO - Processing /opt/airflow/dags/dag_qttg_bronze_silver_gold.py took 0.197 seconds
[2026-09-18T07:47:50.968+0000] {processor.py:161} INFO - Started process (PID=376) to work on /opt/airflow/dags/dag_qttg_bronze_silver_gold.py
[2026-09-18T07:47:50.974+0000] {processor.py:830} INFO - Processing file /opt/airflow/dags/dag_qttg_bronze_silver_gold.py for tasks to queue
[2026-09-18T07:47:50.984+0000] {logging_mixin.py:188} INFO - [2026-09-18T07:47:50.984+0000] {dagbag.py:538} INFO - Filling up the DagBag from /opt/airflow/dags/dag_qttg_bronze_silver_gold.py
[2026-09-18T07:47:51.049+0000] {processor.py:840} INFO - DAG(s) 'qttg_bronze_silver_gold' retrieved from /opt/airflow/dags/dag_qttg_bronze_silver_gold.py
[2026-09-18T07:47:51.098+0000] {logging_mixin.py:188} INFO - [2026-09-18T07:47:51.098+0000] {dag.py:3036} INFO - Sync 1 DAGs
[2026-09-18T07:47:51.120+0000] {logging_mixin.py:188} INFO - [2026-09-18T07:47:51.119+0000] {dag.py:3823} INFO - Setting next_dagrun for qttg_bronze_silver_gold to None, run_after=None
[2026-09-18T07:47:51.159+0000] {processor.py:183} INFO - Processing /opt/airflow/dags/dag_qttg_bronze_silver_gold.py took 0.195 seconds
[2026-09-18T07:48:21.315+0000] {processor.py:161} INFO - Started process (PID=381) to work on /opt/airflow/dags/dag_qttg_bronze_silver_gold.py
[2026-09-18T07:48:21.319+0000] {processor.py:830} INFO - Processing file /opt/airflow/dags/dag_qttg_bronze_silver_gold.py for tasks to queue
[2026-09-18T07:48:21.324+0000] {logging_mixin.py:188} INFO - [2026-09-18T07:48:21.323+0000] {dagbag.py:538} INFO - Filling up the DagBag from /opt/airflow/dags/dag_qttg_bronze_silver_gold.py
[2026-09-18T07:48:21.373+0000] {processor.py:840} INFO - DAG(s) 'qttg_bronze_silver_gold' retrieved from /opt/airflow/dags/dag_qttg_bronze_silver_gold.py
[2026-09-18T07:48:21.422+0000] {logging_mixin.py:188} INFO - [2026-09-18T07:48:21.421+0000] {dag.py:3036} INFO - Sync 1 DAGs
[2026-09-18T07:48:21.440+0000] {logging_mixin.py:188} INFO - [2026-09-18T07:48:21.440+0000] {dag.py:3823} INFO - Setting next_dagrun for qttg_bronze_silver_gold to None, run_after=None
[2026-09-18T07:48:21.468+0000] {processor.py:183} INFO - Processing /opt/airflow/dags/dag_qttg_bronze_silver_gold.py took 0.159 seconds
[2026-09-18T07:48:51.815+0000] {processor.py:161} INFO - Started process (PID=386) to work on /opt/airflow/dags/dag_qttg_bronze_silver_gold.py
[2026-09-18T07:48:51.818+0000] {processor.py:830} INFO - Processing file /opt/airflow/dags/dag_qttg_bronze_silver_gold.py for tasks to queue
[2026-09-18T07:48:51.820+0000] {logging_mixin.py:188} INFO - [2026-09-18T07:48:51.820+0000] {dagbag.py:538} INFO - Filling up the DagBag from /opt/airflow/dags/dag_qttg_bronze_silver_gold.py
[2026-09-18T07:48:51.874+0000] {processor.py:840} INFO - DAG(s) 'qttg_bronze_silver_gold' retrieved from /opt/airflow/dags/dag_qttg_bronze_silver_gold.py
[2026-09-18T07:48:51.917+0000] {logging_mixin.py:188} INFO - [2026-09-18T07:48:51.917+0000] {dag.py:3036} INFO - Sync 1 DAGs
[2026-09-18T07:48:51.935+0000] {logging_mixin.py:188} INFO - [2026-09-18T07:48:51.934+0000] {dag.py:3823} INFO - Setting next_dagrun for qttg_bronze_silver_gold to None, run_after=None
[2026-09-18T07:48:51.966+0000] {processor.py:183} INFO - Processing /opt/airflow/dags/dag_qttg_bronze_silver_gold.py took 0.154 seconds
[2026-09-18T07:49:22.164+0000] {processor.py:161} INFO - Started process (PID=391) to work on /opt/airflow/dags/dag_qttg_bronze_silver_gold.py
[2026-09-18T07:49:22.167+0000] {processor.py:830} INFO - Processing file /opt/airflow/dags/dag_qttg_bronze_silver_gold.py for tasks to queue
[2026-09-18T07:49:22.171+0000] {logging_mixin.py:188} INFO - [2026-09-18T07:49:22.170+0000] {dagbag.py:538} INFO - Filling up the DagBag from /opt/airflow/dags/dag_qttg_bronze_silver_gold.py
[2026-09-18T07:49:22.236+0000] {processor.py:840} INFO - DAG(s) 'qttg_bronze_silver_gold' retrieved from /opt/airflow/dags/dag_qttg_bronze_silver_gold.py
[2026-09-18T07:49:22.287+0000] {logging_mixin.py:188} INFO - [2026-09-18T07:49:22.286+0000] {dag.py:3036} INFO - Sync 1 DAGs
[2026-09-18T07:49:22.308+0000] {logging_mixin.py:188} INFO - [2026-09-18T07:49:22.307+0000] {dag.py:3823} INFO - Setting next_dagrun for qttg_bronze_silver_gold to None, run_after=None
[2026-09-18T07:49:22.337+0000] {processor.py:183} INFO - Processing /opt/airflow/dags/dag_qttg_bronze_silver_gold.py took 0.180 seconds
[2026-09-18T07:49:52.595+0000] {processor.py:161} INFO - Started process (PID=396) to work on /opt/airflow/dags/dag_qttg_bronze_silver_gold.py
[2026-09-18T07:49:52.598+0000] {processor.py:830} INFO - Processing file /opt/airflow/dags/dag_qttg_bronze_silver_gold.py for tasks to queue
[2026-09-18T07:49:52.601+0000] {logging_mixin.py:188} INFO - [2026-09-18T07:49:52.601+0000] {dagbag.py:538} INFO - Filling up the DagBag from /opt/airflow/dags/dag_qttg_bronze_silver_gold.py
[2026-09-18T07:49:52.658+0000] {processor.py:840} INFO - DAG(s) 'qttg_bronze_silver_gold' retrieved from /opt/airflow/dags/dag_qttg_bronze_silver_gold.py
[2026-09-18T07:49:52.702+0000] {logging_mixin.py:188} INFO - [2026-09-18T07:49:52.701+0000] {dag.py:3036} INFO - Sync 1 DAGs
[2026-09-18T07:49:52.723+0000] {logging_mixin.py:188} INFO - [2026-09-18T07:49:52.722+0000] {dag.py:3823} INFO - Setting next_dagrun for qttg_bronze_silver_gold to None, run_after=None
[2026-09-18T07:49:52.757+0000] {processor.py:183} INFO - Processing /opt/airflow/dags/dag_qttg_bronze_silver_gold.py took 0.168 seconds
[2026-09-18T07:50:22.957+0000] {processor.py:161} INFO - Started process (PID=401) to work on /opt/airflow/dags/dag_qttg_bronze_silver_gold.py
[2026-09-18T07:50:22.961+0000] {processor.py:830} INFO - Processing file /opt/airflow/dags/dag_qttg_bronze_silver_gold.py for tasks to queue
[2026-09-18T07:50:22.963+0000] {logging_mixin.py:188} INFO - [2026-09-18T07:50:22.963+0000] {dagbag.py:538} INFO - Filling up the DagBag from /opt/airflow/dags/dag_qttg_bronze_silver_gold.py
[2026-09-18T07:50:23.036+0000] {processor.py:840} INFO - DAG(s) 'qttg_bronze_silver_gold' retrieved from /opt/airflow/dags/dag_qttg_bronze_silver_gold.py
[2026-09-18T07:50:23.087+0000] {logging_mixin.py:188} INFO - [2026-09-18T07:50:23.087+0000] {dag.py:3036} INFO - Sync 1 DAGs
[2026-09-18T07:50:23.112+0000] {logging_mixin.py:188} INFO - [2026-09-18T07:50:23.111+0000] {dag.py:3823} INFO - Setting next_dagrun for qttg_bronze_silver_gold to None, run_after=None
[2026-09-18T07:50:23.146+0000] {processor.py:183} INFO - Processing /opt/airflow/dags/dag_qttg_bronze_silver_gold.py took 0.194 seconds
[2026-09-18T07:50:53.399+0000] {processor.py:161} INFO - Started process (PID=406) to work on /opt/airflow/dags/dag_qttg_bronze_silver_gold.py
[2026-09-18T07:50:53.401+0000] {processor.py:830} INFO - Processing file /opt/airflow/dags/dag_qttg_bronze_silver_gold.py for tasks to queue
[2026-09-18T07:50:53.404+0000] {logging_mixin.py:188} INFO - [2026-09-18T07:50:53.403+0000] {dagbag.py:538} INFO - Filling up the DagBag from /opt/airflow/dags/dag_qttg_bronze_silver_gold.py
[2026-09-18T07:50:53.451+0000] {processor.py:840} INFO - DAG(s) 'qttg_bronze_silver_gold' retrieved from /opt/airflow/dags/dag_qttg_bronze_silver_gold.py
[2026-09-18T07:50:53.492+0000] {logging_mixin.py:188} INFO - [2026-09-18T07:50:53.492+0000] {dag.py:3036} INFO - Sync 1 DAGs
[2026-09-18T07:50:53.506+0000] {logging_mixin.py:188} INFO - [2026-09-18T07:50:53.506+0000] {dag.py:3823} INFO - Setting next_dagrun for qttg_bronze_silver_gold to None, run_after=None
[2026-09-18T07:50:53.540+0000] {processor.py:183} INFO - Processing /opt/airflow/dags/dag_qttg_bronze_silver_gold.py took 0.146 seconds
